transaction_id,customer_id,timestamp,amount,channel,merchant_category,bank,location,age_group,hour,day_of_week,month,is_weekend,is_peak_hour,tx_count_24h,amount_sum_24h,amount_mean_7d,amount_std_7d,tx_count_total,amount_mean_total,amount_std_total,channel_diversity,location_diversity,amount_vs_mean_ratio,online_channel_ratio,is_fraud,fraud_technique,hour_sin,hour_cos,day_sin,day_cos,month_sin,month_cos,amount_log,amount_rounded,velocity_score,merchant_risk_score,composite_risk
TXN_715B85436C8F,CUST_72B963D1,2023-12-18 08:22:00,134145.57,POS,Transport,FCMB,Lagos,40+,8,0,12,False,False,1,26254.43,131414.3,105159.87,87,205806.6976,533695.8634,6,1,0.127567775,0.816091954,1,SOCIAL_ENGINEERING,0.866025404,-0.5,0.0,1.0,-2.45e-16,1.0,11.80668829,0,0.127567775,0.440230432,0.136151298
TXN_3B1817CFCD54,CUST_548C8947,2023-11-17 16:29:00,26744.48,Mobile,Grocery,FirstBank,Lagos,40+,16,4,11,False,True,1,26744.48,180388.07,133994.3007,103,134891.4368,230757.9987,6,1,0.19826523,0.718446602,0,,-0.866025404,-0.5,-0.433883739,-0.900968868,-0.5,0.866025404,10.19412077,0,0.19826523,0.214999865,0.070844447
TXN_E1576832E81A,CUST_0795A869,2023-12-25 03:17:00,235545.05,IB,Education,Union,Lagos,40+,3,0,12,False,False,2,84454.82,79058.4475,76530.77965,90,129272.2861,173377.7538,6,1,0.287186325,0.711111111,1,ROBBERY,0.707106781,0.707106781,0.0,1.0,-2.45e-16,1.0,12.36966171,0,1.306609007,0.231290726,0.080616026
TXN_8EC53C723A66,CUST_5014B20D,2023-12-22 11:12:00,30312.28,POS,Fashion,Zenith,Lagos,40+,11,4,12,False,True,1,30312.28,430540.035,400227.755,88,241199.8816,882323.6284,6,1,0.125672343,0.715909091,0,,0.258819045,-0.965925826,-0.433883739,-0.900968868,-2.45e-16,1.0,10.31934118,0,0.125672343,0.542436434,0.166752445
TXN_7FA9F62C9A5F,CUST_3ED3B3F8,2023-12-10 19:15:00,202261.26,Mobile,Retail,Access,Lagos,30-39,19,6,12,True,False,2,667187.72,164241.115,174967.9195,89,158394.3839,220208.333,6,1,3.385281482,0.651685393,1,PIN_COMPROMISE,-0.965925826,0.258819045,-0.781831482,0.623489802,-2.45e-16,1.0,12.21732045,0,8.424332874,0.180890699,0.17267432
TXN_39C40899E794,CUST_A85C46AF,2023-12-29 15:25:00,379404.98,POS,Bill_Payment,Fidelity,Ogun,20-29,15,4,12,False,True,2,42865.22,206578.7775,298611.9418,91,104838.8541,166799.7564,6,1,0.158130609,0.659340659,1,SOCIAL_ENGINEERING,-0.707106781,-0.707106781,-0.433883739,-0.900968868,-2.45e-16,1.0,12.8463621,0,0.817727579,0.829641092,0.255271701
TXN_EF927DF2DBDE,CUST_6ABD8BA0,2023-11-06 17:42:00,42298.44,Mobile,Retail,Sterling,Lagos,20-29,17,0,11,False,False,2,152620.34,92744.63,57053.05286,118,152922.685,198776.9448,6,1,0.276598357,0.754237288,0,,-0.965925826,-0.258819045,0.0,1.0,-0.5,0.866025404,10.65252913,0,1.996032727,0.180890699,0.066557226
TXN_33B4FA320FD3,CUST_4AB0C108,2023-11-04 01:18:00,101567.86,POS,Retail,FCMB,Lagos,20-29,1,5,11,True,False,2,891947.54,445973.77,344405.91,101,161564.7527,387955.5904,6,1,0.628647212,0.702970297,0,,0.258819045,0.965925826,-0.974927912,-0.222520934,-0.5,0.866025404,11.52849227,0,11.04129465,0.180890699,0.095209215
TXN_0EA7006833BF,CUST_3D22DC83,2023-11-21 15:10:00,106306.71,POS,Medical,UBA,Lagos,40+,15,1,11,False,True,2,170707.85,225716.2667,199238.1825,113,182088.9097,516676.629,6,1,0.583814392,0.752212389,0,,-0.707106781,-0.707106781,0.781831482,0.623489802,-0.5,0.866025404,11.57409309,0,1.87498418,0.121274285,0.057646686
TXN_AD40966DBB95,CUST_4FE5044D,2023-11-21 07:57:00,977117.86,IB,Entertainment,Zenith,Lagos,20-29,7,1,11,False,False,1,317846.52,233543.765,84302.755,99,138008.8184,187428.2022,6,1,2.303071794,0.656565657,1,PIN_COMPROMISE,0.965925826,-0.258819045,0.781831482,0.623489802,-0.5,0.866025404,13.79236358,0,2.303071794,0.877424404,0.336925619
TXN_28387A1D6DD8,CUST_0A2F11E8,2023-11-14 11:38:00,132279.67,POS,Grocery,Sterling,Lagos,20-29,11,1,11,False,True,1,6063.94,507427.59,501363.65,107,179206.2815,483759.1036,6,1,0.033837576,0.710280374,1,SOCIAL_ENGINEERING,0.258819045,-0.965925826,0.781831482,0.623489802,-0.5,0.866025404,11.79268123,0,0.033837576,0.214999865,0.065582762
TXN_4572DD32B69F,CUST_4D693198,2023-12-31 00:04:00,578171.71,Web,Bill_Payment,Fidelity,Lagos,30-39,0,6,12,True,False,1,506340.74,193621.704,157758.6873,107,147259.6722,219326.2857,6,1,3.438397586,0.747663551,1,PIN_COMPROMISE,0.0,1.0,-0.781831482,0.623489802,-2.45e-16,1.0,13.26762791,0,3.438397586,0.829641092,0.35892105
TXN_6CECDE155928,CUST_3D122B2D,2023-11-28 08:12:00,99506.67,ECOM,Entertainment,UBA,Lagos,20-29,8,1,11,False,False,1,27602.99,21458.42,6144.57,98,155100.4045,258562.3927,6,1,0.177967376,0.704081633,1,SOCIAL_ENGINEERING,0.866025404,-0.5,0.781831482,0.623489802,-0.5,0.866025404,11.50799001,0,0.177967376,0.877424404,0.268922277
TXN_F69B7DB991DE,CUST_91535ED5,2023-12-29 06:26:00,274607.87,POS,Airtime,GTBank,Lagos,40+,6,4,12,False,False,1,108207.04,100001.0733,72824.17748,92,132887.4185,177481.6756,6,1,0.814269906,0.652173913,1,SOCIAL_ENGINEERING,1.0,6.12e-17,-0.433883739,-0.900968868,-2.45e-16,1.0,12.52310307,0,0.814269906,0.490394602,0.173175018
TXN_A742A7742568,CUST_7EADA826,2023-12-17 17:56:00,394821.7,Web,Bill_Payment,GTBank,Lagos,40+,17,6,12,True,False,1,123084.46,182962.97,117520.1544,98,145433.1486,204941.1597,6,1,0.846324341,0.765306122,1,PIN_COMPROMISE,-0.965925826,-0.258819045,-0.781831482,0.623489802,-2.45e-16,1.0,12.88619208,0,0.846324341,0.829641092,0.275974707
TXN_5945667F4F02,CUST_9A80660C,2023-11-07 15:57:00,23226.0,Mobile,Electronics,Sterling,Lagos,40+,15,1,11,False,True,3,689163.7,173331.3433,118078.2182,85,165430.3771,287584.9086,6,1,0.140396583,0.623529412,0,,-0.707106781,-0.707106781,0.781831482,0.623489802,-0.5,0.866025404,10.05307067,0,12.49757535,0.369588322,0.140083545
TXN_35B14E34915E,CUST_01437461,2023-11-23 11:09:00,52606.62,Web,Grocery,UBA,Lagos,20-29,11,3,11,False,True,1,152575.09,152575.09,0.0,100,140015.4799,163516.7524,6,1,1.0896938,0.78,1,CARD_THEFT,0.258819045,-0.965925826,0.433883739,-0.900968868,-0.5,0.866025404,10.87061626,0,1.0896938,0.214999865,0.099370161
TXN_9E87DB65693A,CUST_7D3BAD5B,2023-12-11 17:56:00,180716.83,Web,Transfer,Sterling,Lagos,40+,17,0,12,False,False,2,243308.96,108640.7,32590.50213,90,159859.24,298977.4328,6,1,0.554941491,0.666666667,1,SOCIAL_ENGINEERING,-0.965925826,-0.258819045,0.0,1.0,-2.45e-16,1.0,12.10469214,0,3.044020952,0.294540894,0.111098555
TXN_EC3E947DCB3C,CUST_2ABFAA05,2023-12-09 08:03:00,134592.52,Mobile,Electronics,FirstBank,Other,40+,8,5,12,True,False,1,134592.52,95806.5675,51302.35994,93,104238.207,159984.6276,6,1,1.291189025,0.731182796,0,,0.866025404,-0.5,-0.974927912,-0.222520934,-2.45e-16,1.0,11.81001455,0,1.291189025,0.369588322,0.152194545
TXN_04D2BE440560,CUST_62171A07,2023-11-01 15:55:00,4993531.5,IB,Electronics,FCMB,Other,30-39,15,2,11,False,True,1,146777.84,146777.84,0.0,88,257905.2559,752949.0938,6,1,0.569113143,0.715909091,1,SOCIAL_ENGINEERING,-0.707106781,-0.707106781,0.974927912,-0.222520934,-0.5,0.866025404,15.42365413,0,0.569113143,0.369588322,0.129088117
TXN_C7C287C4EF59,CUST_601A843C,2023-11-28 08:45:00,43169.67,Mobile,Fashion,Wema,Lagos,40+,8,1,11,False,False,1,429654.68,429654.68,0.0,87,120148.5237,176617.6689,5,1,3.575999861,0.770114943,1,CARD_THEFT,0.866025404,-0.5,0.781831482,0.623489802,-0.5,0.866025404,10.67291661,0,3.575999861,0.542436434,0.277162926
TXN_506EB1B72CCC,CUST_D6CFB397,2023-11-28 11:06:00,138275.75,Mobile,ATM_Withdrawal,FCMB,Lagos,30-39,11,1,11,False,True,1,61201.87,49552.85333,9678.710891,101,124278.0832,158229.7655,5,1,0.492455113,0.762376238,1,SOCIAL_ENGINEERING,0.258819045,-0.965925826,0.781831482,0.623489802,-0.5,0.866025404,11.83701239,0,0.492455113,0.132291375,0.055445976
TXN_B0F2AB8B13CE,CUST_C12F4BF2,2023-11-30 11:56:00,21395.25,POS,Transport,FCMB,Other,20-29,11,3,11,False,True,1,20759.09,88647.34,67888.25,99,116891.3718,137439.7359,6,1,0.177591486,0.747474747,1,CARD_THEFT,0.258819045,-0.965925826,0.433883739,-0.900968868,-0.5,0.866025404,9.970970952,0,0.177591486,0.440230432,0.137752057
TXN_B420B119ACB7,CUST_E02C8A96,2023-12-08 11:27:00,125984.27,Mobile,Grocery,Access,Rivers,30-39,11,4,12,False,True,1,125984.27,125984.27,0.0,103,156162.1581,226682.7856,6,1,0.806747709,0.59223301,0,,0.258819045,-0.965925826,-0.433883739,-0.900968868,-2.45e-16,1.0,11.74392027,0,0.806747709,0.214999865,0.090315886
TXN_F9FF34744B81,CUST_84FD0EE6,2023-11-01 16:42:00,40853.98,Mobile,Entertainment,FCMB,Other,40+,16,2,11,False,True,2,253944.57,126972.285,115614.075,101,166194.7374,286254.5427,6,1,1.45964249,0.693069307,1,CARD_THEFT,-0.866025404,-0.5,0.974927912,-0.222520934,-0.5,0.866025404,10.617784,0,3.055969713,0.877424404,0.313128535
TXN_4E692ECBE2A9,CUST_43A20A5A,2023-12-19 09:03:00,118829.85,Web,Electronics,Access,Lagos,30-39,9,1,12,False,False,3,404977.52,134992.5067,104475.3762,100,174690.0553,279914.5229,6,1,0.832444797,0.67,1,OTHER,0.707106781,-0.707106781,0.781831482,0.623489802,-2.45e-16,1.0,11.68545633,0,6.954749675,0.369588322,0.14975934
TXN_40E85AE2E062,CUST_5A48B01A,2023-11-13 02:42:00,205837.37,Web,Restaurant,UBA,Lagos,30-39,2,0,11,False,False,1,205837.37,100619.8467,76037.90586,101,124729.6102,151276.0594,6,1,1.650255456,0.732673267,0,,0.5,0.866025404,0.0,1.0,-0.5,0.866025404,12.23484653,0,1.650255456,0.608492831,0.235356024
TXN_BFC6B030E069,CUST_46C79E2E,2023-11-20 16:05:00,85051.2,Mobile,Transfer,Fidelity,Lagos,20-29,16,0,11,False,True,1,50076.72,50076.72,0.0,105,140651.5491,185483.0461,6,1,0.356031372,0.733333333,1,ROBBERY,-0.866025404,-0.5,0.0,1.0,-0.5,0.866025404,11.35102046,0,0.356031372,0.294540894,0.099755272
TXN_788840203D2D,CUST_E5639FCA,2023-11-14 16:43:00,1196883.7,POS,Fashion,GTBank,Other,30-39,16,1,11,False,True,1,38894.52,38894.52,0.0,103,153478.3377,291671.6252,6,1,0.253418607,0.689320388,1,SOCIAL_ENGINEERING,-0.866025404,-0.5,0.781831482,0.623489802,-0.5,0.866025404,13.99523266,0,0.253418607,0.542436434,0.170840326
TXN_3AAA6AAF4AC7,CUST_B5E002E8,2023-11-03 15:22:00,769288.64,POS,ATM_Withdrawal,GTBank,Abuja,20-29,15,4,11,False,True,1,63103.06,49445.90667,16219.25301,95,129744.4207,173518.2983,5,1,0.486360595,0.694736842,1,SOCIAL_ENGINEERING,-0.707106781,-0.707106781,-0.433883739,-0.900968868,-0.5,0.866025404,13.55322282,0,0.486360595,0.132291375,0.055250952
TXN_EE3295093E98,CUST_382DC954,2023-11-03 11:43:00,732933.77,POS,Fashion,Zenith,Lagos,30-39,11,4,11,False,True,2,87820.65,43910.325,13627.015,99,146581.0769,265598.9265,6,1,0.206596268,0.666666667,1,SOCIAL_ENGINEERING,0.258819045,-0.965925826,-0.433883739,-0.900968868,-0.5,0.866025404,13.50481199,0,1.198245405,0.542436434,0.171325309
TXN_EDB58A3C0A3E,CUST_280DF108,2023-11-05 10:47:00,271813.3,Web,Restaurant,GTBank,Abuja,40+,10,6,11,True,True,1,35897.13,32617.325,3279.805,114,171560.1176,308562.6238,6,1,0.209238145,0.771929825,1,SOCIAL_ENGINEERING,0.5,-0.866025404,-0.781831482,0.623489802,-0.5,0.866025404,12.51287439,0,0.209238145,0.608492831,0.18924347
TXN_C216E9BFEA69,CUST_45706D60,2023-11-22 14:23:00,708663.11,POS,Education,Access,Other,40+,14,2,11,False,True,1,160495.43,71047.32667,64318.32011,86,117883.1577,162818.4257,6,1,1.361467335,0.674418605,1,SOCIAL_ENGINEERING,-0.5,-0.866025404,0.974927912,-0.222520934,-0.5,0.866025404,13.47113694,0,1.361467335,0.231290726,0.112954172
TXN_F627FCD2DE2E,CUST_2A3F2E20,2023-11-28 14:11:00,370215.18,Mobile,Restaurant,Wema,Lagos,30-39,14,1,11,False,True,1,370215.18,378850.485,8635.305,90,189507.5712,297969.7751,6,1,1.95355375,0.688888889,0,,-0.5,-0.866025404,0.781831482,0.623489802,-0.5,0.866025404,12.82184238,0,1.95355375,0.608492831,0.245061569
TXN_27346AAC6DD1,CUST_17A3FB94,2023-12-21 11:29:00,1521097.91,POS,Education,Access,Lagos,20-29,11,3,12,False,True,2,147858.08,67632.48667,11852.44701,102,97224.00137,109069.8953,6,1,0.661854452,0.715686275,1,SOCIAL_ENGINEERING,0.258819045,-0.965925826,0.433883739,-0.900968868,-2.45e-16,1.0,14.2349436,0,3.041564987,0.231290726,0.095325981
TXN_C14160414669,CUST_365F73E2,2023-12-01 15:00:00,102087.37,Mobile,Medical,FirstBank,Other,20-29,15,4,12,False,True,1,102087.37,165994.42,63907.05,99,198078.72,310743.2324,6,1,0.51538527,0.717171717,0,,-0.707106781,-0.707106781,-0.433883739,-0.900968868,-2.45e-16,1.0,11.53359409,0,0.51538527,0.121274285,0.052874614
TXN_E75978D936A7,CUST_AC310416,2023-11-27 14:35:00,70524.31,Web,Restaurant,Sterling,Lagos,30-39,14,0,11,False,True,1,70524.31,70524.31,0.0,99,153404.8566,311024.1338,6,1,0.459723713,0.747474747,0,,-0.5,-0.866025404,0.0,1.0,-0.5,0.866025404,11.16372693,0,0.459723713,0.608492831,0.197259008
TXN_4AA94FC5512E,CUST_B9738F50,2023-11-26 22:12:00,93542.44,IB,Grocery,GTBank,Lagos,40+,22,6,11,True,False,1,93542.44,55546.98667,31930.39853,98,158328.9446,228747.1676,6,1,0.590807003,0.724489796,0,,-0.5,0.866025404,-0.781831482,0.623489802,-0.5,0.866025404,11.44618121,0,0.590807003,0.214999865,0.083405784
TXN_A9492D356CCA,CUST_092B2F82,2023-12-13 06:40:00,270137.03,Mobile,Fuel,FirstBank,Other,30-39,6,2,12,False,False,2,167858.01,65608.995,49563.91628,97,139116.1198,269847.7471,6,1,1.047563235,0.762886598,1,SOCIAL_ENGINEERING,1.0,6.12e-17,0.974927912,-0.222520934,-2.45e-16,1.0,12.50668833,0,2.41318984,0.202718491,0.097068824
TXN_F4E5D8A98FE2,CUST_E83A4C8D,2023-11-18 16:15:00,179022.7,Mobile,Retail,Sterling,Lagos,30-39,16,5,11,True,True,1,94122.51,66578.52667,21554.95653,116,157591.3384,295680.0988,5,1,0.597253083,0.75,1,SOCIAL_ENGINEERING,-0.866025404,-0.5,-0.974927912,-0.222520934,-0.5,0.866025404,12.09527348,0,0.597253083,0.180890699,0.073379308
TXN_B5A0BF5A2EBD,CUST_350104C7,2023-11-14 16:22:00,387569.43,IB,Airtime,Union,Other,30-39,16,1,11,False,True,1,874494.61,874494.61,0.0,99,145622.3775,335251.591,6,1,6.00518011,0.727272727,1,SOCIAL_ENGINEERING,-0.866025404,-0.5,0.781831482,0.623489802,-0.5,0.866025404,12.86765287,0,6.00518011,0.490394602,0.339284144
TXN_E89D1A5CA5BD,CUST_CDF251DF,2023-12-30 07:42:00,16566.76,POS,Bill_Payment,Wema,Other,20-29,7,5,12,True,False,1,16566.76,56829.715,28405.15761,101,86212.62505,76294.56024,6,1,0.192159418,0.801980198,0,,0.965925826,-0.258819045,-0.974927912,-0.222520934,-2.45e-16,1.0,9.715213917,0,0.192159418,0.829641092,0.255041429
TXN_A7F59E04E71D,CUST_D948140E,2023-12-16 21:36:00,22134.39,Web,Restaurant,UBA,Lagos,30-39,21,5,12,True,False,2,432163.5,147039.0033,160208.5839,116,139079.0491,242754.1284,5,1,2.672155944,0.724137931,1,PHISHING,-0.707106781,0.707106781,-0.974927912,-0.222520934,-2.45e-16,1.0,10.00493296,0,6.21460091,0.608492831,0.275141729
TXN_708296A9B738,CUST_6144B29E,2023-11-11 09:23:00,16296.69,Mobile,Grocery,GTBank,Lagos,40+,9,5,11,True,False,1,16296.69,139429.4933,91326.88816,107,152728.6134,203923.8103,6,1,0.106702883,0.785046729,0,,0.707106781,-0.707106781,-0.974927912,-0.222520934,-0.5,0.866025404,9.698778659,0,0.106702883,0.214999865,0.067914452
TXN_7CFC4AFA67F4,CUST_9D3FE14F,2023-12-31 09:37:00,258426.2,Mobile,Medical,UBA,Lagos,30-39,9,6,12,True,False,1,49842.37,277882.3967,349363.9461,94,164028.1041,321248.7172,6,1,0.303862965,0.680851064,1,PHISHING,0.707106781,-0.707106781,-0.781831482,0.623489802,-2.45e-16,1.0,12.46236931,0,0.303862965,0.121274285,0.0461059
TXN_177E81EADA63,CUST_8400C761,2023-11-19 14:10:00,7670.49,Mobile,Transport,UBA,Lagos,30-39,14,6,11,True,True,1,7670.49,21466.935,13796.445,100,136185.9015,202969.1393,5,1,0.056323258,0.7,0,,-0.5,-0.866025404,-0.781831482,0.623489802,-0.5,0.866025404,8.945266139,0,0.056323258,0.440230432,0.133871474
TXN_E145892C1556,CUST_385585AB,2023-12-24 01:16:00,146420.86,Mobile,Airtime,Fidelity,Lagos,20-29,1,6,12,True,False,1,21421.84,84676.31,63254.47,96,164680.3702,299532.3479,6,1,0.13008053,0.697916667,1,PIN_COMPROMISE,0.258819045,0.965925826,-0.781831482,0.623489802,-2.45e-16,1.0,11.89424719,0,0.13008053,0.490394602,0.151280958
TXN_1654E906CC8B,CUST_ACBF7791,2023-11-02 12:59:00,175008.11,Mobile,Medical,Zenith,Lagos,40+,12,3,11,False,False,2,99176.08,164222.1767,163410.8334,105,153794.4643,298490.2991,6,1,0.485850349,0.657142857,1,SOCIAL_ENGINEERING,1.22e-16,-1.0,0.433883739,-0.900968868,-0.5,0.866025404,12.07259331,0,1.289713978,0.121274285,0.053537224
TXN_C083267350A5,CUST_6169D3A4,2023-12-17 11:26:00,1456907.62,IB,Fuel,FCMB,Lagos,20-29,11,6,12,True,True,1,175847.37,188834.665,12987.295,107,229742.2554,597867.4597,6,1,0.765408193,0.644859813,1,SOCIAL_ENGINEERING,0.258819045,-0.965925826,-0.781831482,0.623489802,-2.45e-16,1.0,14.19182737,0,0.765408193,0.202718491,0.08530861
TXN_B0B9CFB509C2,CUST_3E161E3D,2023-11-12 21:11:00,68928.81,Mobile,Airtime,Wema,Rivers,30-39,21,6,11,True,False,1,187665.25,93925.51667,67467.4532,91,212569.5692,433487.0245,6,1,0.882837406,0.725274725,1,SOCIAL_ENGINEERING,-0.707106781,0.707106781,-0.781831482,0.623489802,-0.5,0.866025404,11.14084402,0,0.882837406,0.490394602,0.175369178
TXN_1C88C4289026,CUST_3661429E,2023-12-24 10:05:00,176196.75,Mobile,Bill_Payment,UBA,Lagos,20-29,10,6,12,True,True,1,4793.0,11714.06,6921.06,115,158029.7673,199482.1356,6,1,0.030329537,0.739130435,1,SOCIAL_ENGINEERING,0.5,-0.866025404,-0.781831482,0.623489802,-2.45e-16,1.0,12.07936222,0,0.030329537,0.829641092,0.249862873
TXN_2C690E397251,CUST_CCD4EBF7,2023-12-29 08:14:00,213916.29,IB,Entertainment,Access,Other,40+,8,4,12,False,False,2,584121.5,197086.98,142171.8055,107,163083.5701,257852.5575,6,1,1.44079541,0.700934579,1,SOCIAL_ENGINEERING,0.866025404,-0.5,-0.433883739,-0.900968868,-2.45e-16,1.0,12.27334472,0,7.163418338,0.877424404,0.32077802
TXN_6E740A6F20A4,CUST_F9A6BEED,2023-11-01 17:14:00,52910.05,Mobile,Retail,Wema,Lagos,40+,17,2,11,False,False,1,259132.72,139040.78,120091.94,107,286848.7859,1015608.312,6,1,0.903374284,0.682242991,1,SOCIAL_ENGINEERING,-0.965925826,-0.258819045,0.974927912,-0.222520934,-0.5,0.866025404,10.87636748,0,0.903374284,0.180890699,0.083175187
TXN_7358931CBE22,CUST_08F69FA0,2023-12-03 10:01:00,20108.65,POS,Transport,UBA,Lagos,40+,10,6,12,True,True,2,68589.82,34294.91,14186.26,105,162053.0684,243234.4501,6,1,0.124086055,0.638095238,0,,0.5,-0.866025404,-0.781831482,0.623489802,-2.45e-16,1.0,9.908955078,0,0.846505375,0.440230432,0.137484722
TXN_A53309EBE3BE,CUST_D0BB8C42,2023-11-06 13:40:00,6571.9,POS,Education,Wema,Other,20-29,13,0,11,False,False,1,6571.9,86544.20333,112328.7001,94,142835.4837,195314.9091,6,1,0.046009954,0.659574468,0,,-0.258819045,-0.965925826,0.0,1.0,-0.5,0.866025404,8.790710414,0,0.046009954,0.231290726,0.070859536
TXN_6CDE5F23308A,CUST_6987D9AD,2023-12-02 16:36:00,53135.74,Web,Entertainment,Zenith,Rivers,20-29,16,5,12,True,True,1,53135.74,155600.86,102465.12,103,185609.057,390295.2683,6,1,0.28627619,0.689320388,0,,-0.866025404,-0.5,-0.974927912,-0.222520934,-2.45e-16,1.0,10.88062387,0,0.28627619,0.877424404,0.272388159
TXN_EF1E7B963868,CUST_319B0D1B,2023-11-21 13:12:00,738019.61,Mobile,Fuel,Zenith,Other,40+,13,1,11,False,False,1,738019.61,231423.08,292981.8053,91,117553.6871,148280.2666,6,1,6.27809599,0.747252747,0,,-0.258819045,-0.965925826,0.781831482,0.623489802,-0.5,0.866025404,13.51172703,0,6.27809599,0.202718491,0.261714619
TXN_F3C33E5A7C68,CUST_DEB3F214,2023-11-15 14:04:00,204316.33,Mobile,Restaurant,FirstBank,Lagos,30-39,14,2,11,False,True,1,14000.54,216566.64,306949.7331,106,144234.3377,225093.9765,6,1,0.097067336,0.70754717,1,SOCIAL_ENGINEERING,-0.5,-0.866025404,0.974927912,-0.222520934,-0.5,0.866025404,12.2274296,0,0.097067336,0.608492831,0.185654004
TXN_9E347A601F40,CUST_A8A0E02C,2023-12-03 07:53:00,14408.21,Mobile,Entertainment,FirstBank,Lagos,30-39,7,6,12,True,False,1,14408.21,68752.44,37311.77835,100,104899.151,142939.9963,6,1,0.137351661,0.62,0,,0.965925826,-0.258819045,-0.781831482,0.623489802,-2.45e-16,1.0,9.575622864,0,0.137351661,0.877424404,0.267622575
TXN_97D58A931614,CUST_DE14DADC,2023-12-04 01:44:00,72625.9,Web,Airtime,Fidelity,Abuja,40+,1,0,12,False,False,1,72625.9,479900.135,407274.235,108,127014.2513,190208.1558,5,1,0.571788815,0.740740741,0,,0.258819045,0.965925826,0.0,1.0,-2.45e-16,1.0,11.19309066,0,0.571788815,0.490394602,0.165415623
TXN_D277ECDE1E18,CUST_66361B97,2023-11-11 11:17:00,91484.65,Mobile,Bill_Payment,GTBank,Abuja,20-29,11,5,11,True,True,1,91484.65,299243.8567,315149.642,98,217881.9854,504628.5401,6,1,0.419879734,0.683673469,0,,0.258819045,-0.965925826,-0.974927912,-0.222520934,-0.5,0.866025404,11.42393741,0,0.419879734,0.829641092,0.262328479
TXN_A22A60418E33,CUST_191E88CD,2023-11-08 17:48:00,123633.38,ECOM,Entertainment,FCMB,Lagos,30-39,17,2,11,False,False,2,181172.61,222210.45,237454.599,82,146268.1602,210144.1756,6,1,0.845245709,0.695121951,0,,-0.965925826,-0.258819045,0.974927912,-0.222520934,-0.5,0.866025404,11.72508394,0,2.477249609,0.877424404,0.293539192
TXN_DD63647958C2,CUST_785F78C0,2023-11-25 10:14:00,103787.11,Mobile,Airtime,Union,Lagos,40+,10,5,11,True,True,1,13340.91,20512.82,7171.91,101,136428.2419,243739.7357,6,1,0.097786294,0.673267327,1,ROBBERY,0.5,-0.866025404,-0.974927912,-0.222520934,-0.5,0.866025404,11.5501067,0,0.097786294,0.490394602,0.150247542
TXN_404AA24098B7,CUST_DC228A04,2023-11-02 15:03:00,204129.88,Mobile,Retail,FirstBank,Other,30-39,15,3,11,False,True,1,204129.88,187647.265,16482.615,99,170385.4398,246544.8504,6,1,1.198040644,0.606060606,0,,-0.707106781,-0.707106781,0.433883739,-0.900968868,-0.5,0.866025404,12.22651664,0,1.198040644,0.180890699,0.09260451
TXN_E16C14273AC7,CUST_573F7ABC,2023-12-03 10:13:00,101277.93,Mobile,Medical,FCMB,Lagos,30-39,10,6,12,True,True,1,101277.93,236438.3383,170663.142,115,136592.5743,174912.5598,6,1,0.74145457,0.713043478,0,,0.5,-0.866025404,-0.781831482,0.623489802,-2.45e-16,1.0,11.52563367,0,0.74145457,0.121274285,0.060108832
TXN_C282C259DADF,CUST_67D6E1BA,2023-12-23 12:39:00,75747.61,Mobile,Electronics,Sterling,Other,20-29,12,5,12,True,False,1,41585.79,126112.704,105680.3723,113,167177.1412,301868.5652,6,1,0.24875136,0.707964602,1,SOCIAL_ENGINEERING,1.22e-16,-1.0,-0.974927912,-0.222520934,-2.45e-16,1.0,11.23517537,0,0.24875136,0.369588322,0.11883654
TXN_643FF6AE3997,CUST_6CBFEE6A,2023-12-24 10:00:00,39434.0,Mobile,Electronics,Sterling,Lagos,20-29,10,6,12,True,True,2,108463.33,54231.665,16702.435,94,177647.6737,293562.2741,6,1,0.399294284,0.680851064,1,ROBBERY,0.5,-0.866025404,-0.781831482,0.623489802,-2.45e-16,1.0,10.58240903,0,1.221099237,0.369588322,0.125297524
TXN_B2D934181E00,CUST_39D84501,2023-12-17 13:47:00,111522.31,POS,Education,Access,Other,40+,13,6,12,True,False,1,111522.31,85470.65333,49581.21499,100,135255.7756,193118.1053,6,1,0.824522908,0.71,0,,-0.258819045,-0.965925826,-0.781831482,0.623489802,-2.45e-16,1.0,11.62198891,0,0.824522908,0.231290726,0.095771951
TXN_1EA11764563B,CUST_CC06D2C9,2023-11-04 10:23:00,411453.69,Mobile,Airtime,FirstBank,Other,40+,10,5,11,True,True,2,314766.29,157383.145,14651.925,107,168372.6483,373973.7675,6,1,0.847705216,0.635514019,1,SOCIAL_ENGINEERING,0.5,-0.866025404,-0.974927912,-0.222520934,-0.5,0.866025404,12.92745418,0,3.738902057,0.490394602,0.180027341
TXN_960F76CFBF6D,CUST_30FB205F,2023-11-14 15:40:00,53524.38,Mobile,Bill_Payment,GTBank,Lagos,40+,15,1,11,False,True,2,267611.14,217379.0367,128315.4987,106,191222.6884,352742.974,6,1,1.019704105,0.764150943,1,PIN_COMPROMISE,-0.707106781,-0.707106781,0.781831482,0.623489802,-0.5,0.866025404,10.88791121,0,2.798932938,0.829641092,0.285081317
TXN_3877031DF521,CUST_1BC94716,2023-11-16 17:53:00,429561.77,Web,Transport,Zenith,Rivers,20-29,17,3,11,False,False,1,429561.77,254090.5833,124363.4163,96,193981.898,561039.5892,6,1,2.21443114,0.71875,0,,-0.965925826,-0.258819045,0.433883739,-0.900968868,-0.5,0.866025404,12.97052316,0,2.21443114,0.440230432,0.202930926
TXN_5D1689E472CD,CUST_4714D617,2023-12-03 11:41:00,379992.38,Mobile,Restaurant,Sterling,Lagos,30-39,11,6,12,True,True,2,151352.36,58785.35,30410.67266,97,223994.2289,442340.6197,6,1,0.234942281,0.680412371,1,PIN_COMPROMISE,0.258819045,-0.965925826,-0.781831482,0.623489802,-2.45e-16,1.0,12.84790911,0,1.351389141,0.608492831,0.192298896
TXN_E9B015D81311,CUST_399A6D67,2023-11-09 00:24:00,250956.95,Web,ATM_Withdrawal,Union,Lagos,40+,0,3,11,False,False,1,526533.46,526533.46,0.0,109,171678.1356,272207.3276,6,1,3.066962436,0.71559633,1,SOCIAL_ENGINEERING,0.0,1.0,0.433883739,-0.900968868,-0.5,0.866025404,12.43304067,0,3.066962436,0.132291375,0.13783021
TXN_8F58DB9B97BF,CUST_828158D0,2023-12-06 09:37:00,277314.03,Mobile,Electronics,Union,Lagos,40+,9,2,12,False,False,2,45347.97,39517.01,26450.74768,94,153811.3149,306978.8478,6,1,0.238989056,0.659574468,1,SOCIAL_ENGINEERING,0.707106781,-0.707106781,0.974927912,-0.222520934,-2.45e-16,1.0,12.53290943,0,0.589653306,0.369588322,0.119225475
TXN_15B627E87A49,CUST_19EB5250,2023-12-19 11:30:00,271059.98,ECOM,Electronics,Union,Lagos,30-39,11,1,12,False,True,1,27838.59,114225.8975,105867.5206,94,133293.7702,196800.0232,6,1,0.208849829,0.744680851,1,PHISHING,0.258819045,-0.965925826,0.781831482,0.623489802,-2.45e-16,1.0,12.51009909,0,0.208849829,0.369588322,0.117559691
TXN_5F14D588A92E,CUST_3D39D1D4,2023-12-21 12:51:00,110661.34,Web,ATM_Withdrawal,Zenith,Lagos,30-39,12,3,12,False,False,1,482587.31,213354.6933,190516.3911,95,180444.8985,372957.1486,6,1,2.674415511,0.631578947,1,SOCIAL_ENGINEERING,1.22e-16,-1.0,0.433883739,-0.900968868,-2.45e-16,1.0,11.61423886,0,2.674415511,0.132291375,0.125268709
TXN_FB4EF1471FFC,CUST_23B58091,2023-12-19 09:18:00,46630.41,Web,Fashion,Zenith,Other,40+,9,1,12,False,False,1,46630.41,50080.065,3449.655,87,147996.0103,220908.3769,6,1,0.315076703,0.689655172,0,,0.707106781,-0.707106781,0.781831482,0.623489802,-2.45e-16,1.0,10.75002963,0,0.315076703,0.542436434,0.172813385
TXN_9A8A4364B1CE,CUST_0019D768,2023-12-07 04:02:00,52370.33,Mobile,Transport,UBA,Other,40+,4,3,12,False,False,1,67905.62,113423.27,45517.65,105,200189.9855,723085.192,6,1,0.339204185,0.676190476,1,SOCIAL_ENGINEERING,0.866025404,0.5,0.433883739,-0.900968868,-2.45e-16,1.0,10.86611458,0,0.339204185,0.440230432,0.142923663
TXN_F93841AD4399,CUST_0A646857,2023-11-23 17:14:00,298353.32,Mobile,Transfer,Zenith,Lagos,40+,17,3,11,False,False,1,34418.39,141320.6,168003.5382,94,138294.3115,283980.077,6,1,0.248876044,0.659574468,1,SOCIAL_ENGINEERING,-0.965925826,-0.258819045,0.433883739,-0.900968868,-0.5,0.866025404,12.60603705,0,0.248876044,0.294540894,0.096326302
TXN_85824668E5A6,CUST_3C5F4771,2023-12-20 14:55:00,192276.39,Web,Entertainment,Wema,Other,20-29,14,2,12,False,True,1,192276.39,214391.5533,70046.76861,96,210167.8003,353704.9618,6,1,0.914866477,0.6875,0,,-0.5,-0.866025404,0.974927912,-0.222520934,-2.45e-16,1.0,12.16669435,0,0.914866477,0.877424404,0.292503049
TXN_28C8D1581629,CUST_1124ED52,2023-12-21 12:36:00,251410.48,Mobile,ATM_Withdrawal,Access,Lagos,30-39,12,3,12,False,False,1,24417.92,296372.89,323695.5173,112,125342.4895,209585.406,6,1,0.194808044,0.723214286,1,SOCIAL_ENGINEERING,1.22e-16,-1.0,0.433883739,-0.900968868,-2.45e-16,1.0,12.43484624,0,0.194808044,0.132291375,0.04592127
TXN_D38B3F9C9055,CUST_5CEB3EE6,2023-12-28 11:01:00,82989.27,Mobile,Retail,Fidelity,Lagos,40+,11,3,12,False,True,1,38264.32,334419.642,215391.0691,109,192716.6917,350455.7552,6,1,0.198551154,0.678899083,1,SOCIAL_ENGINEERING,0.258819045,-0.965925826,0.433883739,-0.900968868,-2.45e-16,1.0,11.32647865,0,0.198551154,0.180890699,0.060620847
TXN_E41573CCE28A,CUST_DEB3F214,2023-12-30 17:41:00,198354.9,POS,Airtime,Zenith,Lagos,30-39,17,5,12,True,False,1,169679.24,280289.358,121379.8306,106,144234.3377,225093.9765,6,1,1.176405468,0.70754717,1,SOCIAL_ENGINEERING,-0.965925826,-0.258819045,-0.974927912,-0.222520934,-2.45e-16,1.0,12.19781817,0,1.176405468,0.490394602,0.184763356
TXN_F3503074AD74,CUST_F1DCC469,2023-11-19 10:42:00,343235.45,POS,ATM_Withdrawal,Zenith,Lagos,30-39,10,6,11,True,True,1,66424.77,122166.325,88649.39191,105,120918.145,244405.9727,6,1,0.549332118,0.666666667,1,SOCIAL_ENGINEERING,0.5,-0.866025404,-0.781831482,0.623489802,-0.5,0.866025404,12.74617485,0,0.549332118,0.132291375,0.05726604
TXN_030FEFEE72E3,CUST_048D024C,2023-12-02 11:54:00,43788.45,POS,Transfer,Sterling,Other,40+,11,5,12,True,True,1,43788.45,108487.85,46271.5471,111,108682.0794,143766.8352,6,1,0.402900343,0.72972973,0,,0.258819045,-0.965925826,-0.974927912,-0.222520934,-2.45e-16,1.0,10.6871482,0,0.402900343,0.294540894,0.101255079
TXN_B42561F81E15,CUST_C4B573E5,2023-12-17 14:56:00,118484.74,Web,Transport,GTBank,Lagos,40+,14,6,12,True,True,1,13496.16,13496.16,0.0,94,126847.7313,168716.5761,6,1,0.106395703,0.691489362,1,SOCIAL_ENGINEERING,-0.5,-0.866025404,-0.781831482,0.623489802,-2.45e-16,1.0,11.68254789,0,0.106395703,0.440230432,0.135473792
TXN_0CD3FF3CD68E,CUST_E4B3A9B3,2023-12-29 04:26:00,87139.45,Mobile,Airtime,FCMB,Lagos,30-39,4,4,12,False,False,1,74034.77,249153.4633,284246.1219,105,133292.4573,204067.9193,6,1,0.555426887,0.695238095,1,SOCIAL_ENGINEERING,0.866025404,0.5,-0.433883739,-0.900968868,-2.45e-16,1.0,11.37527646,0,0.555426887,0.490394602,0.164892041
TXN_BF46FED7841C,CUST_0F1BD3EA,2023-12-08 09:43:00,337837.37,POS,Fashion,UBA,Other,30-39,9,4,12,False,False,1,251804.47,119258.504,92603.39977,115,173545.0587,326922.6525,6,1,1.450937416,0.704347826,1,SOCIAL_ENGINEERING,0.707106781,-0.707106781,-0.433883739,-0.900968868,-2.45e-16,1.0,12.73032286,0,1.450937416,0.542436434,0.209160928
TXN_F25FEC48E314,CUST_88E0A04E,2023-12-29 15:01:00,95132.95,Web,Grocery,Fidelity,Lagos,40+,15,4,12,False,True,1,118765.84,108635.125,10130.715,92,136786.0962,257499.2895,6,1,0.868253244,0.695652174,1,ROBBERY,-0.707106781,-0.707106781,-0.433883739,-0.900968868,-2.45e-16,1.0,11.46304118,0,0.868253244,0.214999865,0.092284063
TXN_5EAD855FAC37,CUST_64E28E41,2023-11-01 20:25:00,652605.03,POS,Airtime,FirstBank,Other,40+,20,2,11,False,False,1,7053.5,79960.60333,52393.74293,131,180666.3981,401343.8543,6,1,0.039041355,0.717557252,1,ROBBERY,-0.866025404,0.5,0.974927912,-0.222520934,-0.5,0.866025404,13.3887289,0,0.039041355,0.490394602,0.148367704
TXN_DD695665AE91,CUST_0C9A29BA,2023-11-12 13:53:00,347363.36,Mobile,Transport,Fidelity,Ogun,40+,13,6,11,True,False,1,15805.39,22098.86667,6007.72203,131,140698.1295,218024.9004,5,1,0.112334668,0.732824427,1,ROBBERY,-0.258819045,-0.965925826,-0.781831482,0.623489802,-0.5,0.866025404,12.75812954,0,0.112334668,0.440230432,0.135663839
TXN_DE822CC3C8D7,CUST_AEF1F798,2023-11-29 15:06:00,347282.08,Web,Restaurant,Union,Other,20-29,15,2,11,False,True,2,228690.28,138996.6225,76734.16646,128,209409.8362,640801.3544,6,1,0.455425859,0.6640625,1,ROBBERY,-0.707106781,-0.707106781,0.974927912,-0.222520934,-0.5,0.866025404,12.75789552,0,2.184130336,0.608492831,0.200578886
TXN_2D7A8C06505B,CUST_1C89BF66,2023-11-26 14:31:00,141703.67,Web,Retail,FCMB,Other,20-29,14,6,11,True,True,1,42049.62,219563.185,246467.7563,94,196373.2813,488502.8462,6,1,0.214129975,0.670212766,1,ROBBERY,-0.5,-0.866025404,-0.781831482,0.623489802,-0.5,0.866025404,11.86150038,0,0.214129975,0.180890699,0.061119369
TXN_9E4D87517E95,CUST_4F4A3A8C,2023-11-13 22:53:00,5222.37,Mobile,Airtime,FirstBank,Other,20-29,22,0,11,False,False,2,69070.0,71250.79,57174.45807,101,155040.1995,321746.9339,6,1,0.033683756,0.752475248,0,,-0.5,0.866025404,0.0,1.0,-0.5,0.866025404,8.560898066,0,0.890988979,0.490394602,0.149910871
TXN_248C2E3493C5,CUST_20B9F76B,2023-11-09 20:56:00,90069.37,Mobile,Electronics,Access,Lagos,20-29,20,3,11,False,False,1,14357.51,146910.53,182808.9602,110,128350.4308,175962.703,6,1,0.111860927,0.727272727,1,SOCIAL_ENGINEERING,-0.866025404,0.5,0.433883739,-0.900968868,-0.5,0.866025404,11.40834653,0,0.111860927,0.369588322,0.114456046
TXN_DB684AF57EC2,CUST_487D94B9,2023-11-02 11:03:00,46626.73,Mobile,Restaurant,UBA,Other,30-39,11,3,11,False,True,3,968895.69,322965.23,387407.7208,97,130645.4205,184744.1077,6,1,0.381364907,0.701030928,1,SOCIAL_ENGINEERING,0.258819045,-0.965925826,0.433883739,-0.900968868,-0.5,0.866025404,10.74995071,0,22.2485014,0.608492831,0.238485799
TXN_5150F5973813,CUST_F5F66A54,2023-11-21 11:11:00,474185.34,Web,Transfer,Zenith,Other,30-39,11,1,11,False,True,2,184187.68,386849.116,559709.5392,96,243060.2056,484871.4548,6,1,0.565616383,0.71875,1,SOCIAL_ENGINEERING,0.258819045,-0.965925826,0.781831482,0.623489802,-0.5,0.866025404,13.06935565,0,1.51556625,0.294540894,0.108361892
TXN_D2CC0508E3C4,CUST_3EFCB87B,2023-11-24 11:30:00,290535.06,Web,Grocery,Zenith,Lagos,30-39,11,4,11,False,True,1,290535.06,136301.4275,109005.1796,90,150875.6319,221553.7529,6,1,1.925646512,0.655555556,0,,0.258819045,-0.965925826,-0.433883739,-0.900968868,-0.5,0.866025404,12.57948298,0,1.925646512,0.214999865,0.126120648
TXN_66A95D07EB1F,CUST_F4F52C93,2023-11-25 02:11:00,433980.95,IB,Airtime,Wema,Lagos,30-39,2,5,11,True,False,3,860340.45,285568.785,123550.0826,111,199191.0869,360916.305,5,1,2.178705774,0.738738739,0,,0.5,0.866025404,-0.974927912,-0.222520934,-0.5,0.866025404,12.98075822,0,12.95744921,0.490394602,0.238394452
TXN_77604021B82C,CUST_45D313E1,2023-12-29 15:55:00,64703.19,ATM,ATM_Withdrawal,GTBank,Other,20-29,15,4,12,False,True,1,64703.19,278978.1925,347466.9256,80,178335.9693,349231.8181,6,1,0.362814229,0.7,0,,-0.707106781,-0.707106781,-0.433883739,-0.900968868,-2.45e-16,1.0,11.07758124,0,0.362814229,0.132291375,0.051297468
TXN_F595ED1301B0,CUST_A47A14DA,2023-11-19 11:10:00,156881.67,IB,Education,Zenith,Other,30-39,11,6,11,True,True,1,156881.67,103820.82,51536.15755,85,113626.5924,150104.6171,6,1,1.380665266,0.835294118,0,,0.258819045,-0.965925826,-0.781831482,0.623489802,-0.5,0.866025404,11.96325348,0,1.380665266,0.231290726,0.113568506
TXN_6B6D03F1AC58,CUST_B8E020C4,2023-12-18 08:35:00,14280.14,ATM,Restaurant,GTBank,Lagos,40+,8,0,12,False,False,2,171858.61,68126.29,53724.8923,103,152213.2664,320029.3498,6,1,0.093816042,0.72815534,0,,0.866025404,-0.5,0.0,1.0,-2.45e-16,1.0,9.566695065,0,2.258114355,0.608492831,0.189878559
TXN_BB4A6D98897F,CUST_BBFEF960,2023-12-28 07:57:00,96218.71,Mobile,Grocery,Union,Lagos,30-39,7,3,12,False,False,1,38498.4,83873.43,45375.03,94,143597.3286,262616.4909,5,1,0.268097828,0.744680851,1,SOCIAL_ENGINEERING,0.965925826,-0.258819045,0.433883739,-0.900968868,-2.45e-16,1.0,11.4743895,0,0.268097828,0.214999865,0.07307909
TXN_8354A83B1299,CUST_88324FA2,2023-11-15 14:58:00,465523.68,POS,Restaurant,Zenith,Other,30-39,14,2,11,False,True,2,119257.5,49899.998,36011.89641,92,131265.7472,211191.726,6,1,0.826419046,0.75,1,CARD_THEFT,-0.5,-0.866025404,0.974927912,-0.222520934,-0.5,0.866025404,13.05092039,0,1.817025295,0.608492831,0.210974471
TXN_1270CA4C1938,CUST_F8A9E7F1,2023-11-11 20:34:00,36767.83,Web,Retail,Access,Other,40+,20,5,11,True,False,1,158876.02,291539.375,149649.1109,107,145034.5679,219358.1647,6,1,1.095427985,0.626168224,1,SOCIAL_ENGINEERING,-0.866025404,0.5,-0.974927912,-0.222520934,-0.5,0.866025404,10.51240575,0,1.095427985,0.180890699,0.089320905
TXN_154DE01CE617,CUST_C986C15E,2023-11-24 18:52:00,68377.25,Mobile,Entertainment,Wema,Other,40+,18,4,11,False,False,1,40013.93,68649.94,73587.87065,84,154315.1055,201654.3157,6,1,0.25929847,0.726190476,1,SOCIAL_ENGINEERING,-1.0,-1.84e-16,-0.433883739,-0.900968868,-0.5,0.866025404,11.13281007,0,0.25929847,0.877424404,0.271524872
TXN_87962D071D1F,CUST_BCB51A50,2023-12-16 08:10:00,15386.88,POS,Bill_Payment,Zenith,Lagos,40+,8,5,12,True,False,1,15386.88,105659.74,149482.6339,117,173172.1699,273357.5468,5,1,0.088852563,0.717948718,0,,0.866025404,-0.5,-0.974927912,-0.222520934,-2.45e-16,1.0,9.641335466,0,0.088852563,0.829641092,0.25173561
TXN_826296F90A5A,CUST_6E970878,2023-11-06 19:53:00,120475.26,Mobile,Medical,UBA,Other,40+,19,0,11,False,False,1,274116.76,232070.788,137425.8896,109,173746.0565,324531.3561,6,1,1.577677145,0.71559633,1,SOCIAL_ENGINEERING,-0.965925826,0.258819045,0.0,1.0,-0.5,0.866025404,11.699208,0,1.577677145,0.121274285,0.086867954
TXN_5DD14E5E3C55,CUST_F1387687,2023-12-08 08:45:00,38451.84,POS,Retail,Wema,Lagos,30-39,8,4,12,False,False,1,38451.84,40009.71667,13015.24356,116,135627.0106,178319.4201,5,1,0.283509578,0.706896552,0,,0.866025404,-0.5,-0.433883739,-0.900968868,-2.45e-16,1.0,10.55718783,0,0.283509578,0.180890699,0.063339516
TXN_A060D84DE5B1,CUST_359E877B,2023-11-13 17:01:00,601700.9,Web,Transfer,Wema,Ogun,30-39,17,0,11,False,False,1,82559.21,52290.92,30268.29,109,171203.5468,312101.41,6,1,0.482225569,0.669724771,1,SOCIAL_ENGINEERING,-0.965925826,-0.258819045,0.0,1.0,-0.5,0.866025404,13.30751742,0,0.482225569,0.294540894,0.103793486
TXN_D8129943F2AC,CUST_45706D60,2023-11-02 19:56:00,135759.39,Web,Grocery,Fidelity,Other,40+,19,3,11,False,False,1,135759.39,135759.39,0.0,86,117883.1577,162818.4257,6,1,1.151633881,0.674418605,0,,-0.965925826,0.258819045,0.433883739,-0.900968868,-0.5,0.866025404,11.81864677,0,1.151633881,0.214999865,0.101352244
TXN_979A25614AFF,CUST_EF2655A4,2023-12-22 14:05:00,258664.86,Mobile,ATM_Withdrawal,Fidelity,Ogun,40+,14,4,12,False,True,1,440970.16,261191.26,154258.9365,112,131408.2073,245486.559,6,1,3.355702154,0.723214286,1,SOCIAL_ENGINEERING,-0.5,-0.866025404,-0.433883739,-0.900968868,-2.45e-16,1.0,12.46329239,0,3.355702154,0.132291375,0.147069881
TXN_442D6778995B,CUST_7E405377,2023-12-06 20:38:00,188116.63,Mobile,Airtime,FirstBank,Other,30-39,20,2,12,False,False,1,22093.13,49671.63333,52224.23824,88,285104.106,1076371.687,6,1,0.077491176,0.761363636,1,SOCIAL_ENGINEERING,-0.866025404,0.5,0.974927912,-0.222520934,-2.45e-16,1.0,12.14482274,0,0.077491176,0.490394602,0.149598098
TXN_CEA3085FEAC3,CUST_4F44363A,2023-12-27 11:14:00,31387.14,Web,Retail,FirstBank,Other,20-29,11,2,12,False,True,1,31387.14,22665.495,8721.645,80,123188.0976,159939.1084,6,1,0.254788294,0.8,0,,0.258819045,-0.965925826,0.974927912,-0.222520934,-2.45e-16,1.0,10.35418539,0,0.254788294,0.180890699,0.062420435
TXN_37D464332F42,CUST_FE1FE0DB,2023-12-13 11:34:00,53060.02,POS,ATM_Withdrawal,Fidelity,Lagos,40+,11,2,12,False,True,1,53060.02,102996.225,49936.205,95,168480.6997,309070.9436,6,1,0.314930465,0.684210526,0,,0.258819045,-0.965925826,0.974927912,-0.222520934,-2.45e-16,1.0,10.87919785,0,0.314930465,0.132291375,0.049765187
TXN_A35ED4684C04,CUST_29072763,2023-11-10 10:09:00,377000.07,Mobile,Grocery,Union,Lagos,40+,10,4,11,False,True,1,377000.07,197552.922,156234.6956,119,128179.0275,224483.3369,6,1,2.941176386,0.647058824,0,,0.5,-0.866025404,-0.433883739,-0.900968868,-0.5,0.866025404,12.8400033,0,2.941176386,0.214999865,0.158617604
TXN_8B4057898C2B,CUST_92358BD1,2023-11-06 18:01:00,103331.03,ECOM,Transport,GTBank,Ogun,30-39,18,0,11,False,False,1,164706.35,169783.23,5076.88,95,139586.4228,210447.8616,5,1,1.179951221,0.726315789,1,OTHER,-1.0,-1.84e-16,0.0,1.0,-0.5,0.866025404,11.54570267,0,1.179951221,0.440230432,0.169827569
TXN_59993D25CE4D,CUST_9F394C7C,2023-12-08 15:33:00,125008.59,Web,Fuel,Union,Other,40+,15,4,12,False,True,1,125008.59,192564.6814,116848.0181,113,113185.0457,140158.0316,6,1,1.104452314,0.672566372,0,,-0.707106781,-0.707106781,-0.433883739,-0.900968868,-2.45e-16,1.0,11.73614573,0,1.104452314,0.202718491,0.096158021
TXN_E58469E305F0,CUST_40538BDF,2023-12-30 12:14:00,1569861.98,IB,ATM_Withdrawal,FirstBank,Lagos,40+,12,5,12,True,False,2,2791754.78,617633.5367,590452.2841,119,188497.0624,342488.9502,6,1,8.32826587,0.68907563,0,,1.22e-16,-1.0,-0.974927912,-0.222520934,-2.45e-16,1.0,14.2664989,0,29.62104484,0.132291375,0.348777478
TXN_D4AE755F290E,CUST_6D5439B5,2023-12-18 02:38:00,58151.46,Mobile,Restaurant,Zenith,Other,40+,2,0,12,False,False,1,14502.18,14502.18,0.0,108,146578.9399,275922.7694,6,1,0.098937003,0.648148148,1,OTHER,0.5,0.866025404,0.0,1.0,-2.45e-16,1.0,10.97082346,0,0.098937003,0.608492831,0.185713833
TXN_393F353C3CA9,CUST_AFEBFB4D,2023-11-25 06:56:00,4210707.62,IB,Medical,Union,Lagos,30-39,6,5,11,True,False,1,4210707.62,1454567.927,1949357.593,96,176006.0523,459516.7314,5,1,23.9235165,0.760416667,0,,1.0,6.12e-17,-0.974927912,-0.222520934,-0.5,0.866025404,15.25314151,0,23.9235165,0.121274285,0.384229319
TXN_0052E48FFA13,CUST_9DC67924,2023-12-09 17:50:00,123823.79,Web,Retail,Sterling,Lagos,40+,17,5,12,True,False,1,123823.79,140535.8225,112191.7093,117,149393.7271,262925.6797,6,1,0.828836415,0.641025641,0,,-0.965925826,-0.258819045,-0.974927912,-0.222520934,-2.45e-16,1.0,11.72662286,0,0.828836415,0.180890699,0.080789975
TXN_F8D890B6906B,CUST_6AD6C619,2023-11-27 04:52:00,226179.02,Mobile,Medical,UBA,Lagos,30-39,4,0,11,False,False,1,1160094.72,839889.22,320205.5,93,284370.0149,544486.7582,6,1,4.079511128,0.709677419,1,SOCIAL_ENGINEERING,0.866025404,0.5,0.0,1.0,-0.5,0.866025404,12.32908651,0,4.079511128,0.121274285,0.166926642
TXN_617F5D3D0260,CUST_58CFB671,2023-11-06 09:52:00,235760.37,POS,Retail,Wema,Lagos,30-39,9,0,11,False,False,2,397889.81,261069.8,92857.9065,101,196277.1056,326115.2863,6,1,1.201154705,0.712871287,0,,0.707106781,-0.707106781,0.0,1.0,-0.5,0.866025404,12.37057543,0,4.054347363,0.180890699,0.098410546
TXN_CD0D01671DAC,CUST_463C7D45,2023-12-11 05:11:00,157405.07,Mobile,Medical,Union,Lagos,20-29,5,0,12,False,False,1,203687.51,294706.3767,269201.0757,118,136189.4305,208878.242,6,1,1.495608093,0.762711864,1,SOCIAL_ENGINEERING,0.965925826,0.258819045,0.0,1.0,-2.45e-16,1.0,11.96658418,0,1.495608093,0.121274285,0.084241744
TXN_B0BD8110EDD7,CUST_6B63D0BA,2023-11-03 00:35:00,138411.18,Mobile,Electronics,FirstBank,Lagos,20-29,0,4,11,False,False,2,3389767.19,1182930.13,1125227.171,100,235552.3278,446391.739,5,1,11.67392367,0.73,1,PIN_COMPROMISE,0.0,1.0,-0.433883739,-0.900968868,-0.5,0.866025404,11.83799132,0,28.78131438,0.369588322,0.468439125
TXN_F343300028C2,CUST_FB660AF6,2023-12-08 11:08:00,29068.28,POS,Medical,Access,Lagos,20-29,11,4,12,False,True,1,29068.28,409372.94,526708.0588,115,187985.567,524865.5802,6,1,0.154629559,0.695652174,0,,0.258819045,-0.965925826,-0.433883739,-0.900968868,-2.45e-16,1.0,10.27743723,0,0.154629559,0.121274285,0.041330431
TXN_47032732F0FE,CUST_4C1147C8,2023-12-19 12:56:00,41878.59,POS,Transfer,Wema,Lagos,40+,12,1,12,False,False,1,41878.59,47224.485,5345.895,107,140161.7631,214524.6846,6,1,0.29878542,0.747663551,0,,1.22e-16,-1.0,0.781831482,0.623489802,-2.45e-16,1.0,10.64255388,0,0.29878542,0.294540894,0.097923402
TXN_6D3081A3A343,CUST_2007E42A,2023-11-10 16:37:00,650466.21,Mobile,Bill_Payment,UBA,Ogun,20-29,16,4,11,False,True,1,650466.21,352959.03,297507.18,91,170768.0933,262570.3721,5,1,3.809039431,0.692307692,0,,-0.866025404,-0.5,-0.433883739,-0.900968868,-0.5,0.866025404,13.38544617,0,3.809039431,0.829641092,0.37078159
TXN_77BB89AF4F14,CUST_DCE19D23,2023-11-06 00:54:00,317042.24,Mobile,Restaurant,Fidelity,Abuja,30-39,0,0,11,False,False,1,85083.09,144653.59,59570.5,99,234311.1995,395854.2035,6,1,0.363118481,0.757575758,1,SOCIAL_ENGINEERING,0.0,1.0,0.0,1.0,-0.5,0.866025404,12.66679345,0,0.363118481,0.608492831,0.194167641
TXN_886BB8DC4906,CUST_15496CFB,2023-11-16 05:55:00,25217.88,ATM,Electronics,FirstBank,Other,30-39,5,3,11,False,False,1,25217.88,25217.88,0.0,102,152350.3159,215530.9911,6,1,0.16552453,0.647058824,0,,0.965925826,0.258819045,0.433883739,-0.900968868,-0.5,0.866025404,10.1353482,0,0.16552453,0.369588322,0.116173282
TXN_EE703C9E336E,CUST_CCE0F0C4,2023-12-28 11:13:00,780282.15,POS,Retail,GTBank,Other,20-29,11,3,12,False,True,1,780282.15,237053.35,313796.1999,84,140158.9912,173193.4186,6,1,5.5670819,0.595238095,0,,0.258819045,-0.965925826,0.433883739,-0.900968868,-2.45e-16,1.0,13.56741215,0,5.5670819,0.180890699,0.232413831
TXN_9C0D8AFA3965,CUST_0F320B2F,2023-11-30 23:03:00,133932.53,Web,Electronics,Sterling,Lagos,30-39,23,3,11,False,False,1,106535.76,103819.56,2716.2,98,154206.456,211149.3969,6,1,0.69085998,0.683673469,1,ROBBERY,-0.258819045,0.965925826,0.433883739,-0.900968868,-0.5,0.866025404,11.80509891,0,0.69085998,0.369588322,0.132984016
TXN_A042EDC50970,CUST_F85FED9F,2023-12-10 05:47:00,31771.71,Mobile,Grocery,Fidelity,Lagos,40+,5,6,12,True,False,2,49418.01,51388.71333,38168.94298,109,164767.0521,502978.4843,6,1,0.192826884,0.660550459,0,,0.965925826,0.258819045,-0.781831482,0.623489802,-2.45e-16,1.0,10.36636302,0,0.599849417,0.214999865,0.071484465
TXN_4B86E47EC03C,CUST_28EFFD37,2023-12-13 13:18:00,157735.38,Web,Bill_Payment,FirstBank,Lagos,30-39,13,2,12,False,False,2,253592.07,137706.83,85172.32907,110,145429.2471,314464.8867,6,1,1.577280549,0.781818182,1,SOCIAL_ENGINEERING,-0.258819045,-0.965925826,0.974927912,-0.222520934,-2.45e-16,1.0,11.96868044,0,3.487473549,0.829641092,0.303185691
TXN_9D46F81F4D1B,CUST_97C50633,2023-12-17 15:21:00,494254.11,POS,Transport,Access,Lagos,40+,15,6,12,True,True,1,160854.93,212023.26,129531.6296,116,146325.1553,283070.9421,6,1,1.099290346,0.74137931,1,SOCIAL_ENGINEERING,-0.707106781,-0.707106781,-0.781831482,0.623489802,-2.45e-16,1.0,13.11080708,0,1.099290346,0.440230432,0.167246421
TXN_4FCB0EE7F067,CUST_AD1B4B59,2023-12-22 10:34:00,584242.23,Mobile,Education,Sterling,Other,30-39,10,4,12,False,True,1,584242.23,312705.38,271536.85,106,212574.7103,303706.2422,6,1,2.748395991,0.726415094,0,,0.5,-0.866025404,-0.433883739,-0.900968868,-2.45e-16,1.0,13.27807266,0,2.748395991,0.231290726,0.157335889
TXN_3C25B3876A1C,CUST_6F62D51E,2023-11-16 11:34:00,36332.42,POS,Medical,Fidelity,Lagos,30-39,11,3,11,False,True,1,36332.42,40638.26,4305.84,102,164623.1006,274899.9279,6,1,0.220699277,0.715686275,0,,0.258819045,-0.965925826,0.433883739,-0.900968868,-0.5,0.866025404,10.50049326,0,0.220699277,0.121274285,0.043444662
TXN_CB3167ECCC91,CUST_6C0F5C2D,2023-12-09 12:30:00,10281.79,Mobile,Airtime,Fidelity,Lagos,20-29,12,5,12,True,False,2,264959.32,86327.4275,98596.46479,98,184648.2938,526526.7926,6,1,0.055682802,0.642857143,0,,1.22e-16,-1.0,-0.974927912,-0.222520934,-2.45e-16,1.0,9.238226903,0,2.869865512,0.490394602,0.154528596
TXN_34A4DC2B931E,CUST_E2F7CEBC,2023-12-25 22:59:00,167385.4,Mobile,Transport,Access,Lagos,20-29,22,0,12,False,False,1,146039.81,251479.365,105439.555,106,206772.9942,470714.659,6,1,0.706277453,0.698113208,1,SOCIAL_ENGINEERING,-0.5,0.866025404,0.0,1.0,-2.45e-16,1.0,12.02806019,0,0.706277453,0.440230432,0.154670008
TXN_911AA98C9AA8,CUST_13C3F9AD,2023-11-14 10:30:00,114797.42,Web,Education,GTBank,Other,40+,10,1,11,False,True,1,278310.4,149251.9467,92269.25385,89,161952.2553,337430.7797,5,1,1.71846129,0.730337079,1,SOCIAL_ENGINEERING,0.5,-0.866025404,0.781831482,0.623489802,-0.5,0.866025404,11.650933,0,1.71846129,0.231290726,0.124377979
TXN_DAE7C5DC9EF7,CUST_156AAAF0,2023-12-22 15:21:00,36809.87,ECOM,Grocery,Wema,Other,30-39,15,4,12,False,True,1,36809.87,80009.458,55717.44763,127,134420.1639,206370.062,6,1,0.27383984,0.724409449,0,,-0.707106781,-0.707106781,-0.433883739,-0.900968868,-2.45e-16,1.0,10.51354846,0,0.27383984,0.214999865,0.073262834
TXN_66C1122C546C,CUST_1DFF0A00,2023-11-12 13:49:00,1039843.8,POS,Fuel,GTBank,Abuja,20-29,13,6,11,True,False,1,96237.96,96237.96,0.0,93,171694.6665,251631.3264,6,1,0.560514788,0.688172043,1,SOCIAL_ENGINEERING,-0.258819045,-0.965925826,-0.781831482,0.623489802,-0.5,0.866025404,13.85458203,0,0.560514788,0.202718491,0.078752021
TXN_358CFE98520F,CUST_FC2938D9,2023-11-30 17:32:00,74975.14,Web,Fuel,Fidelity,Lagos,40+,17,3,11,False,False,1,103382.92,187586.565,84203.645,91,166699.3702,298963.8574,6,1,0.620172108,0.615384615,1,SOCIAL_ENGINEERING,-0.965925826,-0.258819045,0.433883739,-0.900968868,-0.5,0.866025404,11.22492521,0,0.620172108,0.202718491,0.080661055
TXN_FF360A76BE0A,CUST_AC5294E6,2023-11-28 01:16:00,262258.44,IB,ATM_Withdrawal,GTBank,Other,40+,1,1,11,False,False,1,312013.77,122774.4975,110456.5117,99,122675.2779,136309.6689,6,1,2.543391236,0.717171717,1,SOCIAL_ENGINEERING,0.258819045,0.965925826,0.781831482,0.623489802,-0.5,0.866025404,12.47708952,0,2.543391236,0.132291375,0.121075932
TXN_7404592334C8,CUST_B2CBAF9C,2023-11-10 11:18:00,164427.62,POS,Transport,FirstBank,Lagos,40+,11,4,11,False,True,1,39529.9,31527.5,8002.4,110,144342.2265,220425.9605,6,1,0.273860443,0.654545455,1,ROBBERY,0.258819045,-0.965925826,-0.433883739,-0.900968868,-0.5,0.866025404,12.01023183,0,0.273860443,0.440230432,0.140832664
TXN_982E28D8B606,CUST_56D0378B,2023-11-28 15:33:00,39796.63,Mobile,Transfer,Fidelity,Lagos,30-39,15,1,11,False,True,2,403549.87,158879.1233,145504.0051,95,182598.4911,345059.9416,6,1,0.217944912,0.736842105,0,,-0.707106781,-0.707106781,0.781831482,0.623489802,-0.5,0.866025404,10.59156264,0,4.420054707,0.294540894,0.103740725
TXN_CADF54B34CA1,CUST_608B1E5D,2023-11-26 11:32:00,204099.91,Mobile,Bill_Payment,Zenith,Rivers,20-29,11,6,11,True,True,1,262346.45,195052.24,153025.5598,111,196745.8034,441684.2953,6,1,1.333421664,0.765765766,1,SOCIAL_ENGINEERING,0.258819045,-0.965925826,-0.781831482,0.623489802,-0.5,0.866025404,12.22636981,0,1.333421664,0.829641092,0.291561821
TXN_627E82671025,CUST_D01FFC7B,2023-12-14 15:21:00,504947.26,Mobile,Bill_Payment,FirstBank,Other,20-29,15,3,12,False,True,1,504947.26,504947.26,0.0,97,170209.9694,259235.1266,6,1,2.966596465,0.659793814,0,,-0.707106781,-0.707106781,0.433883739,-0.900968868,-2.45e-16,1.0,13.13221125,0,2.966596465,0.829641092,0.343823415
TXN_9B9A8EC519B3,CUST_18304E63,2023-12-06 13:48:00,119752.96,Mobile,Bill_Payment,Wema,Lagos,20-29,13,2,12,False,False,1,71502.3,71502.3,0.0,82,182841.6906,345857.6724,6,1,0.391059111,0.658536585,1,SOCIAL_ENGINEERING,-0.258819045,-0.965925826,0.974927912,-0.222520934,-2.45e-16,1.0,11.69319458,0,0.391059111,0.829641092,0.261406219
TXN_AC907DA0E7D3,CUST_58E0DCD8,2023-12-25 17:41:00,745781.95,POS,Retail,Zenith,Lagos,<20,17,0,12,False,False,1,287703.47,157144.1667,106002.8789,99,149015.1244,195857.5294,6,1,1.930686837,0.636363636,1,SOCIAL_ENGINEERING,-0.965925826,-0.258819045,0.0,1.0,-2.45e-16,1.0,13.52218989,0,1.930686837,0.180890699,0.116049189
TXN_8D057D5550B4,CUST_D08B855C,2023-12-18 23:45:00,225765.38,Web,Transfer,GTBank,Lagos,30-39,23,0,12,False,False,1,225765.38,151207.4,77666.64257,109,183052.7073,377870.3777,6,1,1.23332864,0.71559633,0,,-0.258819045,0.965925826,0.0,1.0,-2.45e-16,1.0,12.32725603,0,1.23332864,0.294540894,0.127828785
TXN_85AE0ABE3DE2,CUST_B0B77A56,2023-11-19 16:50:00,84856.44,Mobile,Fuel,Zenith,Other,30-39,16,6,11,True,True,1,29010.98,32181.19667,2432.027216,93,141431.1123,190329.2824,6,1,0.205123006,0.741935484,1,SOCIAL_ENGINEERING,-0.866025404,-0.5,-0.781831482,0.623489802,-0.5,0.866025404,11.34872795,0,0.205123006,0.202718491,0.067379484
TXN_2847A0821336,CUST_26586561,2023-11-25 07:19:00,35157.69,Mobile,Fuel,Access,Other,40+,7,5,11,True,False,1,35157.69,75041.91667,56351.98751,98,154128.5428,249186.9507,5,1,0.22810481,0.693877551,0,,0.965925826,-0.258819045,-0.974927912,-0.222520934,-0.5,0.866025404,10.46762709,0,0.22810481,0.202718491,0.068114901
TXN_73666F6CF49E,CUST_2B155369,2023-11-16 21:02:00,321739.28,Mobile,Electronics,FCMB,Other,30-39,21,3,11,False,False,1,84554.31,119674.9867,107810.6944,112,155038.9885,269943.1309,6,1,0.545370977,0.678571429,1,SOCIAL_ENGINEERING,-0.707106781,0.707106781,0.433883739,-0.900968868,-0.5,0.866025404,12.68149992,0,0.545370977,0.369588322,0.128328368
TXN_EED6556DCDFF,CUST_A7901DFC,2023-11-11 14:52:00,82666.64,Web,Retail,Zenith,Lagos,30-39,14,5,11,True,True,1,224440.25,101345.0367,88996.60954,98,124944.0606,181302.9703,6,1,1.796311506,0.724489796,1,ROBBERY,-0.5,-0.866025404,-0.974927912,-0.222520934,-0.5,0.866025404,11.32258351,0,1.796311506,0.180890699,0.111749178
TXN_D33D509D9368,CUST_131A1EE1,2023-12-06 12:48:00,126965.58,Mobile,Airtime,UBA,Rivers,30-39,12,2,12,False,False,2,1033098.43,222214.7643,330003.223,91,156602.0782,277804.859,6,1,0.257575971,0.791208791,1,SOCIAL_ENGINEERING,1.22e-16,-1.0,0.974927912,-0.222520934,-2.45e-16,1.0,11.75167918,0,13.19384576,0.490394602,0.181233351
TXN_498071427830,CUST_0D17941B,2023-11-28 18:49:00,117519.98,Mobile,Restaurant,Sterling,Other,30-39,18,1,11,False,False,1,57393.47,66257.92,16891.7449,111,157447.6677,434015.5573,6,1,0.364521789,0.675675676,1,OTHER,-1.0,-1.84e-16,0.781831482,0.623489802,-0.5,0.866025404,11.67437215,0,0.364521789,0.608492831,0.194212546
TXN_4EE47F20DBA5,CUST_4F247CEA,2023-12-31 21:42:00,133483.96,Mobile,Fuel,Zenith,Lagos,40+,21,6,12,True,False,1,133483.96,133483.96,0.0,94,176280.6474,342301.6187,6,1,0.757219835,0.691489362,0,,-0.707106781,0.707106781,-0.781831482,0.623489802,-2.45e-16,1.0,11.80174409,0,0.757219835,0.202718491,0.085046582
TXN_326A6C307897,CUST_3490404C,2023-12-17 14:11:00,88884.4,Mobile,Retail,GTBank,Other,40+,14,6,12,True,True,1,160796.77,91327.5,49990.93092,106,193308.05,432277.2541,6,1,0.831811909,0.754716981,1,SOCIAL_ENGINEERING,-0.5,-0.866025404,-0.781831482,0.623489802,-2.45e-16,1.0,11.39510318,0,0.831811909,0.180890699,0.080885191
TXN_CD4D85237399,CUST_C716B27F,2023-12-10 15:21:00,1205531.68,Mobile,Restaurant,GTBank,Lagos,20-29,15,6,12,True,True,1,1205531.68,367588.315,483800.4168,104,160982.4058,223364.1153,6,1,7.488546253,0.778846154,0,,-0.707106781,-0.707106781,-0.781831482,0.623489802,-2.45e-16,1.0,14.00243209,0,7.488546253,0.608492831,0.422181329
TXN_CDD13F69F96B,CUST_B58DE8EC,2023-12-07 14:52:00,283178.84,Mobile,Grocery,Access,Lagos,40+,14,3,12,False,True,2,689608.17,288566.9275,143173.7284,95,150389.0182,199555.6183,5,1,1.183724373,0.810526316,1,SOCIAL_ENGINEERING,-0.5,-0.866025404,0.433883739,-0.900968868,-2.45e-16,1.0,12.55383745,0,9.170930068,0.214999865,0.118353551
TXN_4D6122C13CEB,CUST_87F6F7A4,2023-11-11 16:51:00,182019.87,ECOM,Medical,UBA,Lagos,30-39,16,5,11,True,True,1,182019.87,164980.26,83966.26984,104,149551.3642,273616.8218,6,1,1.21709791,0.673076923,0,,-0.866025404,-0.5,-0.974927912,-0.222520934,-0.5,0.866025404,12.11187663,0,1.21709791,0.121274285,0.075329419
TXN_6D8831326976,CUST_48E4CFD3,2023-11-05 17:54:00,337719.17,POS,Retail,Sterling,Lagos,20-29,17,6,11,True,False,1,152944.51,297320.19,144375.68,97,155971.9085,264483.3406,6,1,0.980583818,0.659793814,1,ROBBERY,-0.965925826,-0.258819045,-0.781831482,0.623489802,-0.5,0.866025404,12.72997293,0,0.980583818,0.180890699,0.085645892
TXN_729512281D81,CUST_7C4CDA56,2023-11-06 16:48:00,246153.72,IB,Restaurant,FCMB,Other,40+,16,0,11,False,True,3,2765292.4,755225.0875,629826.7906,98,158005.9987,268743.2033,6,1,8.303978058,0.632653061,1,OTHER,-0.866025404,-0.5,0.0,1.0,-0.5,0.866025404,12.41371556,0,52.50322625,0.608492831,0.536673643
TXN_7CF117D5159E,CUST_E3E66A78,2023-12-20 18:04:00,630144.11,Mobile,Restaurant,Fidelity,Other,20-29,18,2,12,False,False,2,181043.45,97157.305,111698.8242,119,206070.6199,599641.8839,6,1,0.52885589,0.722689076,1,SOCIAL_ENGINEERING,-1.0,-1.84e-16,0.974927912,-0.222520934,-2.45e-16,1.0,13.35370541,0,1.757092511,0.608492831,0.201927711
TXN_5583E1F525A2,CUST_12075EF4,2023-11-08 12:24:00,429212.09,Mobile,Fuel,Sterling,Other,30-39,12,2,11,False,False,2,90985.54,45492.77,17944.71,85,169199.5962,292415.6307,6,1,0.374924684,0.623529412,1,SOCIAL_ENGINEERING,1.22e-16,-1.0,0.974927912,-0.222520934,-0.5,0.866025404,12.96970879,0,1.075475406,0.202718491,0.074214239
TXN_0628B2AEB55B,CUST_DDE37DDA,2023-12-24 01:48:00,279852.36,Mobile,Education,Fidelity,Other,40+,1,6,12,True,False,1,42302.42,47320.405,5017.985,109,166640.8404,360908.9291,6,1,0.253852333,0.733944954,1,CARD_THEFT,0.258819045,0.965925826,-0.781831482,0.623489802,-2.45e-16,1.0,12.54202103,0,0.253852333,0.231290726,0.077510492
TXN_71DF520B3B2D,CUST_2FEE48BD,2023-11-19 06:48:00,656091.9,Web,Transport,Union,Other,<20,6,6,11,True,False,1,656091.9,339919.01,316172.89,108,150702.5886,234077.4557,6,1,4.353525394,0.833333333,0,,1.0,6.12e-17,-0.781831482,0.623489802,-0.5,0.866025404,13.39405767,0,4.353525394,0.440230432,0.271381942
TXN_8DB7B7E2B4EC,CUST_AF3CE883,2023-11-20 12:38:00,214350.98,Mobile,Education,Access,Lagos,20-29,12,0,11,False,False,1,75372.35,152176.775,76804.425,114,133458.0946,185938.8894,6,1,0.564759938,0.701754386,1,SOCIAL_ENGINEERING,1.22e-16,-1.0,0.0,1.0,-0.5,0.866025404,12.27537471,0,0.564759938,0.231290726,0.087459536
TXN_99587DAECDC7,CUST_04E63B87,2023-11-20 19:43:00,176312.7,Mobile,Medical,FCMB,Lagos,40+,19,0,11,False,False,2,118973.92,59269.78667,11725.46019,109,177698.7859,344404.9408,6,1,0.415547659,0.733944954,1,SOCIAL_ENGINEERING,-0.965925826,0.258819045,0.0,1.0,-0.5,0.866025404,12.08002007,0,1.339044045,0.121274285,0.051526803
TXN_9FFC0BFD20DE,CUST_5BE01A71,2023-12-26 09:28:00,38828.65,Mobile,Grocery,Access,Rivers,20-29,9,1,12,False,False,1,215926.37,702243.05,458646.8758,98,183429.8291,291643.8989,6,1,1.177154195,0.714285714,1,OTHER,0.707106781,-0.707106781,0.781831482,0.623489802,-2.45e-16,1.0,10.56693941,0,1.177154195,0.214999865,0.102168894
TXN_CA20B2FDBE03,CUST_205154E4,2023-12-16 21:13:00,2218448.09,IB,ATM_Withdrawal,UBA,Lagos,40+,21,5,12,True,False,1,13105.87,13105.87,0.0,94,139736.7436,244522.0942,6,1,0.093789048,0.723404255,1,OTHER,-0.707106781,0.707106781,-0.974927912,-0.222520934,-2.45e-16,1.0,14.6123189,0,0.093789048,0.132291375,0.042688662
TXN_14F3D47C1A36,CUST_96B4E6EF,2023-12-18 13:24:00,838031.34,Web,Electronics,Union,Lagos,20-29,13,0,12,False,False,1,59556.6,43260.375,16296.225,112,183492.0154,470564.7265,6,1,0.324571482,0.723214286,1,SOCIAL_ENGINEERING,-0.258819045,-0.965925826,0.0,1.0,-2.45e-16,1.0,13.63881197,0,0.324571482,0.369588322,0.121262784
TXN_DFB1A9D35F3A,CUST_7C66A2C9,2023-12-03 09:29:00,45733.68,Web,Retail,Fidelity,Lagos,40+,9,6,12,True,False,2,50260.52,200445.6733,248503.4988,106,146945.5946,220489.8221,6,1,0.311226539,0.679245283,0,,0.707106781,-0.707106781,-0.781831482,0.623489802,-2.45e-16,1.0,10.73061215,0,0.684065121,0.180890699,0.064972136
TXN_C4CD7ED6997B,CUST_0CDDD37B,2023-11-26 10:29:00,265032.29,Web,Airtime,FCMB,Abuja,40+,10,6,11,True,True,1,326800.01,122968.9933,144302.9043,103,146840.2722,290952.0057,6,1,2.225532407,0.67961165,1,SOCIAL_ENGINEERING,0.5,-0.866025404,-0.781831482,0.623489802,-0.5,0.866025404,12.48761072,0,2.225532407,0.490394602,0.218335418
TXN_B037F65A4FE9,CUST_CEF49072,2023-12-23 06:46:00,56355.16,Web,Restaurant,GTBank,Lagos,40+,6,5,12,True,False,1,56355.16,346835.335,290480.175,101,180434.0146,430907.5647,6,1,0.312329401,0.702970297,0,,1.0,6.12e-17,-0.974927912,-0.222520934,-2.45e-16,1.0,10.93944683,0,0.312329401,0.608492831,0.19254239
TXN_1C1D85FD1879,CUST_FC49F546,2023-12-21 13:24:00,1526660.59,Web,Transfer,FirstBank,Lagos,20-29,13,3,12,False,False,1,1526660.59,528015.1267,706189.6626,110,157623.6116,296164.7151,6,1,9.685420152,0.681818182,0,,-0.258819045,-0.965925826,0.433883739,-0.900968868,-2.45e-16,1.0,14.23859394,0,9.685420152,0.294540894,0.398295713
TXN_39ECA8CC2752,CUST_01E33AF9,2023-12-04 07:40:00,495886.39,Mobile,Electronics,UBA,Lagos,30-39,7,0,12,False,False,1,28754.3,169754.1125,137779.5297,114,128817.2594,140143.7344,6,1,0.223216026,0.789473684,1,SOCIAL_ENGINEERING,0.965925826,-0.258819045,0.0,1.0,-2.45e-16,1.0,13.11410414,0,0.223216026,0.369588322,0.118019409
TXN_0D640E59E9F2,CUST_C0103ABA,2023-11-28 10:16:00,853743.29,Mobile,Entertainment,Fidelity,Lagos,<20,10,1,11,False,True,1,20334.61,31108.385,10773.775,91,165762.7348,217006.2537,6,1,0.122672248,0.736263736,1,SOCIAL_ENGINEERING,0.5,-0.866025404,0.781831482,0.623489802,-0.5,0.866025404,13.657387,0,0.122672248,0.877424404,0.267152833
TXN_D5F1CD62A47F,CUST_9A589260,2023-11-26 01:19:00,272351.83,Mobile,Entertainment,GTBank,Other,30-39,1,6,11,True,False,1,1563137.64,800829.3,762308.34,106,119626.3736,215127.9439,5,1,13.06672205,0.735849057,1,SOCIAL_ENGINEERING,0.258819045,0.965925826,-0.781831482,0.623489802,-0.5,0.866025404,12.51485367,0,13.06672205,0.877424404,0.589360765
TXN_305ABEC12A90,CUST_2D3F104C,2023-11-11 10:50:00,148241.8,Web,Bill_Payment,FCMB,Other,40+,10,5,11,True,True,1,345459.19,217600.57,127858.62,75,218097.0489,713841.0565,6,1,1.583962771,0.733333333,1,SOCIAL_ENGINEERING,0.5,-0.866025404,-0.974927912,-0.222520934,-0.5,0.866025404,11.90660675,0,1.583962771,0.829641092,0.299579136
TXN_D143E0917F2E,CUST_550CA1C8,2023-11-18 22:18:00,60246.11,Mobile,Retail,Zenith,Other,20-29,22,5,11,True,False,3,418959.99,105617.455,129979.4101,108,146836.6178,208619.8608,6,1,2.205432265,0.685185185,1,PIN_COMPROMISE,-0.5,0.866025404,-0.974927912,-0.222520934,-0.5,0.866025404,11.00620988,0,8.559659228,0.180890699,0.137549496
TXN_1AB7781626CC,CUST_766004CC,2023-11-11 15:19:00,27048.41,POS,Electronics,Wema,Ogun,20-29,15,5,11,True,True,1,27048.41,65983.8925,83137.46266,111,151885.2842,229662.4143,6,1,0.178083295,0.63963964,0,,-0.707106781,-0.707106781,-0.974927912,-0.222520934,-0.5,0.866025404,10.20542047,0,0.178083295,0.369588322,0.116575162
TXN_39658BA3158F,CUST_D995EC13,2023-11-02 13:49:00,260532.3,Web,Medical,Fidelity,Lagos,20-29,13,3,11,False,False,1,234324.06,249383.355,15059.295,104,173099.9149,375340.5921,6,1,1.3536847,0.701923077,1,SOCIAL_ENGINEERING,-0.258819045,-0.965925826,0.433883739,-0.900968868,-0.5,0.866025404,12.47048596,0,1.3536847,0.121274285,0.079700196
TXN_431014F2D58A,CUST_15BAF40F,2023-11-30 11:25:00,398804.89,Mobile,Medical,GTBank,Other,30-39,11,3,11,False,True,1,33608.82,33608.82,0.0,106,134499.3582,302471.0261,6,1,0.249879037,0.669811321,1,SOCIAL_ENGINEERING,0.258819045,-0.965925826,0.433883739,-0.900968868,-0.5,0.866025404,12.89623009,0,0.249879037,0.121274285,0.044378415
TXN_3D4E4AAA60DF,CUST_9C280E35,2023-12-06 22:05:00,118843.63,Mobile,Retail,UBA,Lagos,40+,22,2,12,False,False,2,304381.73,128763.3467,41190.18214,106,146793.6436,334202.4423,6,1,0.832574861,0.622641509,1,ROBBERY,-0.5,0.866025404,0.974927912,-0.222520934,-2.45e-16,1.0,11.68557229,0,4.147041371,0.180890699,0.087538538
TXN_E789122F0F35,CUST_2758DE46,2023-12-12 17:20:00,195797.56,Mobile,Airtime,GTBank,Lagos,40+,17,1,12,False,False,1,195797.56,152340.8875,105989.4586,103,140107.8236,217165.5877,6,1,1.397467732,0.747572816,0,,-0.965925826,-0.258819045,0.781831482,0.623489802,-2.45e-16,1.0,12.18484165,0,1.397467732,0.490394602,0.191837348
TXN_C81CD272DB88,CUST_13EDAB19,2023-11-21 08:57:00,87478.04,Web,Electronics,UBA,Lagos,20-29,8,1,11,False,False,1,63286.75,59696.63,23140.45076,103,151974.9419,235229.4657,6,1,0.416426108,0.708737864,1,SOCIAL_ENGINEERING,0.866025404,-0.5,0.781831482,0.623489802,-0.5,0.866025404,11.3791545,0,0.416426108,0.369588322,0.124202132
TXN_542271E83C9D,CUST_07B88E8A,2023-12-07 01:21:00,152401.82,POS,Transfer,FCMB,Oyo,30-39,1,3,12,False,False,1,22569.39,22569.39,0.0,95,176535.1046,327391.4622,6,1,0.127845746,0.663157895,1,ROBBERY,0.258819045,0.965925826,0.433883739,-0.900968868,-2.45e-16,1.0,11.93428243,0,0.127845746,0.294540894,0.092453332
TXN_7427068A7A2E,CUST_847C0B9D,2023-11-12 22:03:00,7288.49,Mobile,ATM_Withdrawal,FCMB,Lagos,20-29,22,6,11,True,False,2,64083.88,235087.55,355170.1531,105,145927.5575,201726.8754,5,1,0.274157442,0.742857143,1,CARD_THEFT,-0.5,0.866025404,-0.781831482,0.623489802,-0.5,0.866025404,8.894188864,0,0.878291146,0.132291375,0.049668718
TXN_1A6988741757,CUST_5620B8B5,2023-12-29 14:10:00,58217.49,IB,Retail,UBA,Lagos,30-39,14,4,12,False,True,2,175713.76,87856.88,29639.39,106,142304.9396,196519.1629,5,1,0.409100914,0.679245283,0,,-0.5,-0.866025404,-0.433883739,-0.900968868,-2.45e-16,1.0,10.97195828,0,2.469521096,0.180890699,0.071479279
TXN_6B1F0A4B1254,CUST_51C9CDB4,2023-11-13 11:38:00,123787.95,ECOM,Grocery,Zenith,Ogun,30-39,11,0,11,False,True,1,114899.15,104859.1333,60019.9193,101,92731.53901,108370.0444,6,1,1.239038111,0.752475248,1,SOCIAL_ENGINEERING,0.258819045,-0.965925826,0.0,1.0,-0.5,0.866025404,11.72633338,0,1.239038111,0.214999865,0.104149179
TXN_624CA804624B,CUST_1C09F5C9,2023-11-20 13:29:00,54572.31,Mobile,Education,UBA,Lagos,30-39,13,0,11,False,False,1,4061.52,11348.13,7286.61,87,141470.7348,219352.6176,6,1,0.028709056,0.701149425,1,SOCIAL_ENGINEERING,-0.258819045,-0.965925826,0.0,1.0,-0.5,0.866025404,10.90730021,0,0.028709056,0.231290726,0.070305908
TXN_DC3D18FB0AB2,CUST_704E4A5E,2023-12-10 16:17:00,48912.39,Mobile,Fashion,GTBank,Rivers,40+,16,6,12,True,True,1,145300.76,360177.2733,277452.8295,109,170236.8364,288656.9907,5,1,0.853516251,0.724770642,1,SOCIAL_ENGINEERING,-0.866025404,-0.5,-0.781831482,0.623489802,-2.45e-16,1.0,10.79780646,0,0.853516251,0.542436434,0.19004345
TXN_0132C0631E47,CUST_6306F9BE,2023-11-07 13:16:00,110090.43,Mobile,Entertainment,Zenith,Other,40+,13,1,11,False,False,1,110090.43,741613.93,462568.0181,93,131635.6648,205846.2154,6,1,0.836320414,0.731182796,0,,-0.258819045,-0.965925826,0.781831482,0.623489802,-0.5,0.866025404,11.60906648,0,0.836320414,0.877424404,0.289989575
TXN_F97D996DC78A,CUST_5D764C4A,2023-12-04 05:34:00,266263.16,Mobile,Fashion,Sterling,Lagos,30-39,5,0,12,False,False,2,142121.12,71060.56,60439.14,100,181110.8055,332980.8381,5,1,0.058645652,0.67,1,SOCIAL_ENGINEERING,0.965925826,0.258819045,0.0,1.0,-2.45e-16,1.0,12.49224418,0,1.569429664,0.542436434,0.167629159
TXN_19788132494A,CUST_58E0DCD8,2023-12-31 17:44:00,53282.57,Mobile,Retail,Fidelity,Lagos,<20,17,6,12,True,False,1,38443.13,173322.6267,102787.241,99,149015.1244,195857.5294,6,1,0.257979666,0.636363636,1,SOCIAL_ENGINEERING,-0.965925826,-0.258819045,-0.781831482,0.623489802,-2.45e-16,1.0,10.88338331,0,0.257979666,0.180890699,0.062522559
TXN_459B2C1F6244,CUST_D81C2A01,2023-12-15 15:53:00,58601.62,POS,ATM_Withdrawal,Wema,Lagos,30-39,15,4,12,False,True,2,127011.6,84319.7925,28229.64384,93,165499.8458,309592.8217,6,1,0.503197549,0.677419355,1,CARD_THEFT,-0.707106781,-0.707106781,-0.433883739,-0.900968868,-2.45e-16,1.0,10.97853468,0,1.53487554,0.132291375,0.05785309
TXN_6152D54C69A0,CUST_7E03A170,2023-11-15 14:08:00,144302.2,POS,Entertainment,Access,Lagos,30-39,14,2,11,False,True,2,72947.63,38426.77,15738.92661,76,108311.8376,185094.7286,6,1,0.511951041,0.657894737,1,OTHER,-0.5,-0.866025404,0.974927912,-0.222520934,-0.5,0.866025404,11.87967192,0,1.346980314,0.877424404,0.281279813
TXN_BABD5D13C122,CUST_9D5FB0CC,2023-11-16 09:52:00,204782.97,IB,Fuel,Zenith,Lagos,40+,9,3,11,False,False,2,675189.91,259632.47,162703.8289,90,133954.8013,220532.2602,6,1,1.055823179,0.655555556,1,SOCIAL_ENGINEERING,0.707106781,-0.707106781,0.433883739,-0.900968868,-0.5,0.866025404,12.2297109,0,10.0807864,0.202718491,0.112651816
TXN_921AC19817EF,CUST_38BD508B,2023-12-21 10:10:00,135939.0,Web,Fuel,UBA,Abuja,20-29,10,3,12,False,True,1,135939.0,89379.775,46559.225,96,130101.3782,201191.985,6,1,1.044861761,0.729166667,0,,0.5,-0.866025404,0.433883739,-0.900968868,-2.45e-16,1.0,11.81996889,0,1.044861761,0.202718491,0.094251124
TXN_3AC9A6A922C7,CUST_68AC7137,2023-11-29 10:19:00,68605.66,Web,Medical,Sterling,Other,40+,10,2,11,False,True,1,360533.75,139076.6933,131290.0445,93,233326.0504,398209.2127,6,1,1.54518625,0.688172043,1,SOCIAL_ENGINEERING,0.5,-0.866025404,0.974927912,-0.222520934,-0.5,0.866025404,11.13614489,0,1.54518625,0.121274285,0.085828246
TXN_AC5D9792BF42,CUST_91D00A13,2023-11-20 11:02:00,81857.1,Mobile,Education,UBA,Abuja,30-39,11,0,11,False,True,1,146104.56,88247.655,57856.905,105,180528.4718,309254.1918,6,1,0.809311402,0.638095238,1,PHISHING,0.258819045,-0.965925826,0.0,1.0,-0.5,0.866025404,11.31274254,0,0.809311402,0.231290726,0.095285183
TXN_BDB8D6D9B2C0,CUST_94A51215,2023-11-03 13:22:00,26171.97,ECOM,ATM_Withdrawal,Wema,Abuja,40+,13,4,11,False,False,2,58875.69,50987.61333,30592.41175,96,136443.1877,251913.1093,6,1,0.191814473,0.729166667,0,,-0.258819045,-0.965925826,-0.433883739,-0.900968868,-0.5,0.866025404,10.17248248,0,0.863000337,0.132291375,0.047167847
TXN_F640820AEBF8,CUST_876AD27E,2023-12-23 10:33:00,63750.4,Web,Retail,FCMB,Other,30-39,10,5,12,True,True,2,170208.62,85104.31,21353.91,90,181872.0149,265074.716,5,1,0.350521489,0.755555556,0,,0.5,-0.866025404,-0.974927912,-0.222520934,-2.45e-16,1.0,11.06274642,0,1.87173034,0.180890699,0.068526315
TXN_020090544F47,CUST_AA0A3EA4,2023-11-15 16:55:00,36093.72,Web,Airtime,Wema,Lagos,40+,16,2,11,False,True,1,43611.75,32454.875,11156.875,98,204328.0007,313722.1906,6,1,0.213438865,0.683673469,1,CARD_THEFT,-0.866025404,-0.5,0.974927912,-0.222520934,-0.5,0.866025404,10.49390187,0,0.213438865,0.490394602,0.153948424
TXN_637F7F514116,CUST_123BDF19,2023-12-05 12:33:00,46982.27,Web,Transfer,Wema,Lagos,40+,12,1,12,False,False,1,46982.27,47100.0,117.73,111,143286.6873,196823.8718,6,1,0.327887698,0.648648649,0,,1.22e-16,-1.0,0.781831482,0.623489802,-2.45e-16,1.0,10.75754686,0,0.327887698,0.294540894,0.098854675
TXN_988A02F5C880,CUST_D223C6DC,2023-12-14 13:28:00,219743.7,IB,Fuel,Wema,Lagos,40+,13,3,12,False,False,1,219743.7,331986.195,112242.495,91,194173.0042,308477.5765,5,1,1.131684444,0.714285714,0,,-0.258819045,-0.965925826,0.433883739,-0.900968868,-2.45e-16,1.0,12.3002217,0,1.131684444,0.202718491,0.09702945
TXN_2C0D107D6150,CUST_BC0150A1,2023-12-05 08:17:00,17690.81,Web,Electronics,GTBank,Lagos,20-29,8,1,12,False,False,1,17690.81,60272.76667,37867.05468,107,140321.6124,208455.3714,6,1,0.126072411,0.757009346,0,,0.866025404,-0.5,0.781831482,0.623489802,-2.45e-16,1.0,9.7808571,0,0.126072411,0.369588322,0.114910814
TXN_3363A77E6D29,CUST_684BB1D8,2023-11-08 07:01:00,71923.19,Mobile,ATM_Withdrawal,FirstBank,Lagos,20-29,7,2,11,False,False,1,8210.39,48564.388,60357.87209,113,109397.7235,145568.8757,6,1,0.075050144,0.761061947,1,OTHER,0.965925826,-0.258819045,0.974927912,-0.222520934,-0.5,0.866025404,11.18336793,0,0.075050144,0.132291375,0.042089017
TXN_52384E66AC54,CUST_6FB9FF02,2023-12-11 10:16:00,26892.74,POS,Electronics,Wema,Lagos,<20,10,0,12,False,True,2,288328.85,97782.55,95287.94735,112,182124.0979,368686.658,5,1,0.147660813,0.696428571,0,,0.5,-0.866025404,0.0,1.0,-2.45e-16,1.0,10.19964882,0,3.166272561,0.369588322,0.121638866
TXN_A446667C2C0D,CUST_34CE3B32,2023-11-05 14:19:00,244892.07,Web,ATM_Withdrawal,GTBank,Other,40+,14,6,11,True,True,1,112760.32,102977.9867,10306.24125,103,186154.1727,511698.7927,6,1,0.60573294,0.766990291,1,SOCIAL_ENGINEERING,-0.5,-0.866025404,-0.781831482,0.623489802,-0.5,0.866025404,12.40857695,0,0.60573294,0.132291375,0.059070867
TXN_D58A95EA7FB6,CUST_DB079609,2023-11-18 15:26:00,206127.72,Mobile,Retail,Sterling,Other,40+,15,5,11,True,True,2,149014.47,542301.0629,908894.5738,104,168648.5749,390305.1949,6,1,0.403206886,0.75,1,SOCIAL_ENGINEERING,-0.707106781,-0.707106781,-0.974927912,-0.222520934,-0.5,0.866025404,12.23625611,0,1.767149073,0.180890699,0.069897715
TXN_BE7991E72F7C,CUST_78BF92F7,2023-11-14 15:12:00,553442.33,POS,Retail,Sterling,Lagos,30-39,15,1,11,False,True,1,16868.05,124401.82,107533.77,68,124416.8597,201776.0977,6,1,0.135575793,0.661764706,1,SOCIAL_ENGINEERING,-0.707106781,-0.707106781,0.781831482,0.623489802,-0.5,0.866025404,13.22391464,0,0.135575793,0.180890699,0.058605635
TXN_CB5E066CC82F,CUST_8D93A9CE,2023-11-13 23:49:00,324684.34,POS,Transfer,UBA,Lagos,30-39,23,0,11,False,False,1,33627.36,33627.36,0.0,106,138581.1852,273923.8902,6,1,0.242652834,0.613207547,1,SOCIAL_ENGINEERING,-0.258819045,0.965925826,0.0,1.0,-0.5,0.866025404,12.69061181,0,0.242652834,0.294540894,0.096127159
TXN_F2AD4600A866,CUST_BC2F0057,2023-11-25 14:32:00,409720.62,Mobile,Airtime,Access,Lagos,30-39,14,5,11,True,True,1,141630.81,80186.26333,46198.83052,113,111702.2373,169860.9711,6,1,1.267920371,0.769911504,1,SOCIAL_ENGINEERING,-0.5,-0.866025404,-0.974927912,-0.222520934,-0.5,0.866025404,12.92323323,0,1.267920371,0.490394602,0.187691833
TXN_F94B61F80BC4,CUST_0E255682,2023-12-07 09:51:00,91488.67,Mobile,Fuel,Access,Lagos,40+,9,3,12,False,False,1,91488.67,69684.43,21804.24,102,184573.7839,293123.3973,6,1,0.495672638,0.745098039,0,,0.707106781,-0.707106781,0.433883739,-0.900968868,-2.45e-16,1.0,11.42398135,0,0.495672638,0.202718491,0.076677072
TXN_08772DEE3B7F,CUST_2E26D878,2023-12-25 11:41:00,347217.88,IB,Airtime,Wema,Other,40+,11,0,12,False,True,1,347217.88,347217.88,0.0,101,136703.6371,293030.7367,6,1,2.539912963,0.643564356,0,,0.258819045,-0.965925826,0.0,1.0,-2.45e-16,1.0,12.75771064,0,2.539912963,0.490394602,0.228395595
TXN_059D61FC81C2,CUST_91AF5B25,2023-11-04 16:22:00,192237.5,Mobile,Education,FirstBank,Lagos,30-39,16,5,11,True,True,1,99330.56,99330.56,0.0,101,142940.9769,150660.0187,6,1,0.694901261,0.752475248,1,SOCIAL_ENGINEERING,-0.866025404,-0.5,-0.974927912,-0.222520934,-0.5,0.866025404,12.16649207,0,0.694901261,0.231290726,0.091624058
TXN_5EEE74538362,CUST_42A19CBD,2023-11-07 10:22:00,363722.05,Mobile,Bill_Payment,Zenith,Other,30-39,10,1,11,False,True,2,334158.05,168570.035,131727.7992,108,175228.2594,376902.5323,6,1,0.195619728,0.712962963,1,SOCIAL_ENGINEERING,0.5,-0.866025404,0.781831482,0.623489802,-0.5,0.866025404,12.80414801,0,3.813952661,0.829641092,0.262388825
TXN_C9E9332B961D,CUST_5223EA1D,2023-11-20 03:55:00,605425.27,IB,Restaurant,FCMB,Lagos,40+,3,0,11,False,False,1,712706.89,206731.9937,263266.1881,118,186290.1681,359825.6605,6,1,3.82576854,0.686440678,1,SOCIAL_ENGINEERING,0.707106781,0.707106781,0.0,1.0,-0.5,0.866025404,13.31368807,0,3.82576854,0.608492831,0.304972442
TXN_F28E3891F127,CUST_D09258BE,2023-11-17 13:15:00,172261.69,Mobile,Retail,UBA,Lagos,30-39,13,4,11,False,False,1,62124.1,40919.15,21204.95,103,104023.3343,166483.3779,6,1,0.597207379,0.718446602,1,SOCIAL_ENGINEERING,-0.258819045,-0.965925826,-0.433883739,-0.900968868,-0.5,0.866025404,12.05677586,0,0.597207379,0.180890699,0.073377846
TXN_233FAE28F28B,CUST_68B2AE45,2023-11-07 11:39:00,62110.05,Mobile,Transfer,Zenith,Lagos,20-29,11,1,11,False,True,2,603453.55,199926.76,217543.6961,104,175274.9763,362607.9804,6,1,0.344208324,0.653846154,1,SOCIAL_ENGINEERING,0.258819045,-0.965925826,0.781831482,0.623489802,-0.5,0.866025404,11.03667919,0,6.885753114,0.294540894,0.112460024
TXN_D92B1FB52146,CUST_47A6BA67,2023-11-05 07:27:00,65729.15,Web,Fuel,Sterling,Other,40+,7,6,11,True,False,1,152160.67,137197.4267,37327.59789,100,161860.2331,306970.6901,6,1,0.940068645,0.72,1,ROBBERY,0.965925826,-0.258819045,-0.781831482,0.623489802,-0.5,0.866025404,11.093313,0,0.940068645,0.202718491,0.090897744
TXN_A4C595014BB9,CUST_6C0F5C2D,2023-11-07 10:54:00,113832.79,POS,Electronics,FirstBank,Lagos,20-29,10,1,11,False,True,1,12361.69,12361.69,0.0,98,184648.2938,526526.7926,6,1,0.066946858,0.642857143,1,CARD_THEFT,0.5,-0.866025404,0.781831482,0.623489802,-0.5,0.866025404,11.64249468,0,0.066946858,0.369588322,0.113018796
TXN_8CA2B633B659,CUST_C0A05F6D,2023-12-03 10:18:00,154142.62,Mobile,Transport,FirstBank,Other,<20,10,6,12,True,True,1,31016.34,31016.34,0.0,99,113387.4743,154639.8489,6,1,0.2735405,0.616161616,1,SOCIAL_ENGINEERING,0.5,-0.866025404,-0.781831482,0.623489802,-2.45e-16,1.0,11.94564004,0,0.2735405,0.440230432,0.140822426
TXN_12D217A574C3,CUST_971E748A,2023-12-09 17:04:00,232602.38,Mobile,Restaurant,Access,Other,40+,17,5,12,True,False,1,232602.38,160567.79,72034.59,86,106322.6298,134336.937,6,1,2.187682837,0.709302326,0,,-0.965925826,-0.258819045,-0.974927912,-0.222520934,-2.45e-16,1.0,12.35709005,0,2.187682837,0.608492831,0.2525537
TXN_97B36A402F21,CUST_4710393D,2023-11-30 15:27:00,6520.19,Mobile,Restaurant,Union,Lagos,30-39,15,3,11,False,True,1,6520.19,79571.092,74036.70121,122,175155.7697,300392.5784,6,1,0.037224882,0.696721311,0,,-0.707106781,-0.707106781,0.433883739,-0.900968868,-0.5,0.866025404,8.782812154,0,0.037224882,0.608492831,0.183739045
TXN_B4BCFC30699A,CUST_121A0164,2023-11-22 01:02:00,112140.45,Web,Fuel,Wema,Lagos,30-39,1,2,11,False,False,2,219524.25,118061.3,11896.3677,104,118333.2207,173133.1552,6,1,0.947658668,0.826923077,0,,0.258819045,0.965925826,0.974927912,-0.222520934,-0.5,0.866025404,11.6275163,0,3.710241192,0.202718491,0.09666579
TXN_FD079F3D91CB,CUST_44DB0117,2023-11-09 17:10:00,40505.93,Mobile,Retail,Zenith,Ogun,20-29,17,3,11,False,False,1,19905.14,19905.14,0.0,108,171111.1421,315069.5797,5,1,0.116328039,0.666666667,1,CARD_THEFT,-0.965925826,-0.258819045,0.433883739,-0.900968868,-0.5,0.866025404,10.60922835,0,0.116328039,0.180890699,0.057989707
TXN_759409F170B7,CUST_4FC1C2F5,2023-11-28 09:22:00,205949.61,Web,Education,Access,Lagos,20-29,9,1,11,False,False,1,112342.73,112342.73,0.0,93,143362.4598,216071.1228,6,1,0.783621783,0.731182796,1,SOCIAL_ENGINEERING,0.707106781,-0.707106781,0.781831482,0.623489802,-0.5,0.866025404,12.23539166,0,0.783621783,0.231290726,0.094463115
TXN_5F6B06A9D2CA,CUST_784BC82C,2023-11-13 14:41:00,71727.29,Mobile,Airtime,FCMB,Lagos,30-39,14,0,11,False,True,1,928628.65,417119.35,368385.6624,96,130945.2899,234360.9395,6,1,7.091675913,0.677083333,1,CARD_THEFT,-0.5,-0.866025404,0.0,1.0,-0.5,0.866025404,11.18064051,0,7.091675913,0.490394602,0.37405201
TXN_897664AF4D5B,CUST_76AEB388,2023-11-24 16:18:00,119255.24,POS,Transport,GTBank,Lagos,40+,16,4,11,False,True,1,179852.29,139933.485,39918.805,85,120191.8659,141318.5676,5,1,1.496364103,0.694117647,1,SOCIAL_ENGINEERING,-0.866025404,-0.5,-0.433883739,-0.900968868,-0.5,0.866025404,11.68902973,0,1.496364103,0.440230432,0.179952781
TXN_C4DC0C648949,CUST_94B912B5,2023-12-14 21:11:00,463005.16,ECOM,ATM_Withdrawal,UBA,Lagos,30-39,21,3,12,False,False,1,68777.34,77370.77333,56079.8614,90,160636.0963,263898.9231,6,1,0.428153531,0.644444444,1,SOCIAL_ENGINEERING,-0.707106781,0.707106781,0.433883739,-0.900968868,-2.45e-16,1.0,13.04549564,0,0.428153531,0.132291375,0.053388326
TXN_22DAFBEAF8FB,CUST_E68DB08E,2023-12-29 16:48:00,350218.6,POS,Retail,Access,Other,40+,16,4,12,False,True,1,35928.85,100087.205,98672.18961,105,128496.2443,155260.7562,6,1,0.279607942,0.733333333,1,ROBBERY,-0.866025404,-0.5,-0.433883739,-0.900968868,-2.45e-16,1.0,12.76631567,0,0.279607942,0.180890699,0.063214664
TXN_C3EA64AC8324,CUST_38F649AC,2023-11-19 16:10:00,616347.36,Mobile,Electronics,GTBank,Lagos,40+,16,6,11,True,True,1,69738.03,334957.2033,370873.0442,107,182547.4461,399296.9228,6,1,0.38202478,0.672897196,1,SOCIAL_ENGINEERING,-0.866025404,-0.5,-0.781831482,0.623489802,-0.5,0.866025404,13.3315676,0,0.38202478,0.369588322,0.12310129
TXN_68F5C99B2D41,CUST_F0317999,2023-12-08 16:51:00,93989.22,IB,Fuel,FCMB,Rivers,30-39,16,4,12,False,True,1,93989.22,81451.2375,52218.92947,105,175367.6203,628056.1313,6,1,0.535952326,0.704761905,0,,-0.866025404,-0.5,-0.433883739,-0.900968868,-2.45e-16,1.0,11.45094601,0,0.535952326,0.202718491,0.077966022
TXN_287C5D021036,CUST_27B6DF1F,2023-11-29 09:47:00,31637.14,Web,Education,Zenith,Other,20-29,9,2,11,False,False,1,31637.14,91062.93,45329.88707,106,133408.0391,185378.0658,5,1,0.237143901,0.698113208,0,,0.707106781,-0.707106781,0.974927912,-0.222520934,-0.5,0.866025404,10.36211863,0,0.237143901,0.231290726,0.076975823
TXN_1CBF44EEFDF7,CUST_1BA7D4D8,2023-11-13 17:34:00,68308.75,POS,Medical,Union,Lagos,40+,17,0,11,False,False,1,68308.75,491856.865,611834.4642,100,131757.3697,212991.1293,5,1,0.518439551,0.63,0,,-0.965925826,-0.258819045,0.0,1.0,-0.5,0.866025404,11.13180779,0,0.518439551,0.121274285,0.052972351
TXN_0075026A3C5A,CUST_5E32CFE0,2023-12-05 10:14:00,72308.74,Mobile,Medical,Access,Other,20-29,10,1,12,False,True,1,138097.97,263002.18,102330.2942,110,158085.5011,279509.4882,6,1,0.873559533,0.709090909,1,OTHER,0.5,-0.866025404,0.781831482,0.623489802,-2.45e-16,1.0,11.18871412,0,0.873559533,0.121274285,0.064336191
TXN_BB45015F2CAB,CUST_E4D2BCB8,2023-12-17 13:30:00,55030.47,Web,Airtime,FCMB,Lagos,20-29,13,6,12,True,False,1,212056.51,108510.1467,73613.13515,91,145934.8759,190853.1613,6,1,1.453080051,0.659340659,1,SOCIAL_ENGINEERING,-0.258819045,-0.965925826,-0.781831482,0.623489802,-2.45e-16,1.0,10.91566048,0,1.453080051,0.490394602,0.193616942
TXN_C1B7F0CB7CB1,CUST_FA23A1F2,2023-12-21 11:36:00,28919.93,Mobile,Fashion,Fidelity,Abuja,40+,11,3,12,False,True,1,14676.93,132593.7417,112598.7623,97,107045.8468,189510.7096,6,1,0.137107542,0.608247423,1,SOCIAL_ENGINEERING,0.258819045,-0.965925826,0.433883739,-0.900968868,-2.45e-16,1.0,10.27232083,0,0.137107542,0.542436434,0.167118372
TXN_D8545A3D308D,CUST_1BD14AE3,2023-12-11 13:30:00,37780.19,Mobile,Transfer,FCMB,Lagos,20-29,13,0,12,False,False,1,37780.19,37780.19,0.0,100,137656.4511,175082.1649,6,1,0.274450745,0.68,0,,-0.258819045,-0.965925826,0.0,1.0,-2.45e-16,1.0,10.53956664,0,0.274450745,0.294540894,0.097144692
TXN_0BD7915D9AE1,CUST_558141F0,2023-11-10 22:55:00,554907.91,Web,Medical,Access,Abuja,20-29,22,4,11,False,False,1,554907.91,476154.255,78753.655,103,172781.5039,334938.4838,6,1,3.211597804,0.650485437,0,,-0.5,0.866025404,-0.433883739,-0.900968868,-0.5,0.866025404,13.22655925,0,3.211597804,0.121274285,0.139153415
TXN_A2569AB5320A,CUST_42BD374B,2023-12-22 08:37:00,9589.91,Mobile,Fuel,Fidelity,Other,20-29,8,4,12,False,False,2,17494.13,164594.57,264118.1578,107,141020.614,211057.1603,6,1,0.068003122,0.700934579,0,,0.866025404,-0.5,-0.433883739,-0.900968868,-2.45e-16,1.0,9.168571054,0,0.248105656,0.202718491,0.063351852
TXN_CBF1FFDEC5A7,CUST_3DE56B70,2023-11-25 18:02:00,111184.02,Mobile,Grocery,Sterling,Other,20-29,18,5,11,True,False,1,111184.02,111184.02,0.0,97,172122.2898,284776.1697,6,1,0.645955699,0.639175258,0,,-1.0,-1.84e-16,-0.974927912,-0.222520934,-0.5,0.866025404,11.61895094,0,0.645955699,0.214999865,0.085170542
TXN_D24FB99D9BC7,CUST_D4614F88,2023-11-15 21:20:00,580386.77,Mobile,ATM_Withdrawal,GTBank,Lagos,40+,21,2,11,False,False,1,12441.08,73655.05,44108.34292,94,139852.2645,190752.965,5,1,0.088958095,0.70212766,1,SOCIAL_ENGINEERING,-0.707106781,0.707106781,0.974927912,-0.222520934,-0.5,0.866025404,13.27145173,0,0.088958095,0.132291375,0.042534072
TXN_E6813C5D1FD9,CUST_77BF68B6,2023-11-28 09:39:00,126311.39,Web,Education,Wema,Lagos,30-39,9,1,11,False,False,1,126311.39,101883.395,24427.995,87,122374.2091,272239.7517,6,1,1.032164856,0.793103448,0,,0.707106781,-0.707106781,0.781831482,0.623489802,-0.5,0.866025404,11.7465134,0,1.032164856,0.231290726,0.102416493
TXN_3D832E592F24,CUST_E1112E4C,2023-12-28 10:27:00,8855.4,Mobile,Grocery,FirstBank,Lagos,40+,10,3,12,False,True,1,8855.4,36310.7375,35925.49516,110,146536.6163,174104.7634,6,1,0.0604309,0.690909091,0,,0.5,-0.866025404,0.433883739,-0.900968868,-2.45e-16,1.0,9.08889564,0,0.0604309,0.214999865,0.066433748
TXN_A1B31E3333B7,CUST_42524E24,2023-11-02 15:17:00,64095.75,POS,Transport,Union,Other,20-29,15,3,11,False,True,1,64095.75,108234.48,91350.24121,111,138502.2564,205458.6704,6,1,0.462774318,0.72972973,0,,-0.707106781,-0.707106781,0.433883739,-0.900968868,-0.5,0.866025404,11.06814894,0,0.462774318,0.440230432,0.146877908
TXN_ADA307332B44,CUST_7F357BDE,2023-12-09 10:03:00,219882.62,Mobile,Grocery,Sterling,Other,<20,10,5,12,True,True,1,219882.62,167409.915,52472.705,116,167052.8901,414793.5314,6,1,1.316237652,0.724137931,0,,0.5,-0.866025404,-0.974927912,-0.222520934,-2.45e-16,1.0,12.30085369,0,1.316237652,0.214999865,0.106619564
TXN_39B9AC234384,CUST_C2C719D1,2023-11-20 18:53:00,43375.32,ECOM,Restaurant,Wema,Ogun,40+,18,0,11,False,False,1,19314.63,24621.17,3791.536836,100,169338.1516,378337.8578,6,1,0.114058857,0.66,1,SOCIAL_ENGINEERING,-1.0,-1.84e-16,0.0,1.0,-0.5,0.866025404,10.67766895,0,0.114058857,0.608492831,0.186197733
TXN_2A34A4FE54E5,CUST_E244EBC2,2023-11-12 15:57:00,379228.94,Mobile,Entertainment,Union,Abuja,30-39,15,6,11,True,True,1,34509.02,72638.10333,72611.37149,109,155005.6464,244856.3181,6,1,0.222629292,0.633027523,1,SOCIAL_ENGINEERING,-0.707106781,-0.707106781,-0.781831482,0.623489802,-0.5,0.866025404,12.845898,0,0.222629292,0.877424404,0.270351459
TXN_B332B798662F,CUST_1BBE4F84,2023-12-29 08:22:00,166758.61,Mobile,Grocery,Wema,Lagos,30-39,8,4,12,False,False,1,218894.11,115102.93,80819.18371,98,241919.349,700992.5034,6,1,0.904818925,0.653061224,1,SOCIAL_ENGINEERING,0.866025404,-0.5,-0.433883739,-0.900968868,-2.45e-16,1.0,12.02430859,0,0.904818925,0.214999865,0.093454165
TXN_BEE5F7BAF431,CUST_9340EE63,2023-12-10 15:04:00,41333.72,Web,Fashion,GTBank,Other,40+,15,6,12,True,True,1,49623.21,139614.414,73186.78692,96,112202.9656,160149.4684,6,1,0.442258968,0.666666667,1,SOCIAL_ENGINEERING,-0.707106781,-0.707106781,-0.781831482,0.623489802,-2.45e-16,1.0,10.6294581,0,0.442258968,0.542436434,0.176883217
TXN_C2D33B911BC1,CUST_663FE187,2023-12-10 19:46:00,80249.74,POS,Restaurant,Wema,Other,40+,19,6,12,True,False,1,2462.09,48432.37333,55875.95433,91,167684.7916,314483.3545,6,1,0.014682759,0.67032967,1,SOCIAL_ENGINEERING,-0.965925826,0.258819045,-0.781831482,0.623489802,-2.45e-16,1.0,11.29291126,0,0.014682759,0.608492831,0.183017697
TXN_01ADF6E863D0,CUST_C37818BE,2023-11-07 08:06:00,351389.62,POS,Fuel,FirstBank,Lagos,30-39,8,1,11,False,False,1,53149.47,36217.24333,12664.75221,104,148813.2439,234204.551,6,1,0.35715311,0.740384615,1,CARD_THEFT,0.866025404,-0.5,0.781831482,0.623489802,-0.5,0.866025404,12.76965376,0,0.35715311,0.202718491,0.072244447
TXN_0B1365A6579C,CUST_E5E907C5,2023-12-07 10:15:00,353153.68,Mobile,Entertainment,Union,Lagos,40+,10,3,12,False,True,2,330896.97,101019.575,104420.4569,105,149103.3214,247897.9557,6,1,0.330635219,0.704761905,1,ROBBERY,0.5,-0.866025404,0.433883739,-0.900968868,-2.45e-16,1.0,12.77466143,0,4.438462505,0.877424404,0.282023303
TXN_6730BA49178C,CUST_2C1B44E9,2023-11-27 14:38:00,112452.36,Web,Transfer,FCMB,Other,40+,14,0,11,False,True,1,48361.3,132158.1525,84427.87296,85,124369.0694,221084.0174,6,1,0.388849988,0.694117647,1,SOCIAL_ENGINEERING,-0.5,-0.866025404,0.0,1.0,-0.5,0.866025404,11.63029384,0,0.388849988,0.294540894,0.100805468
TXN_1704409FFE18,CUST_55346DD4,2023-12-21 10:39:00,134333.28,Mobile,Restaurant,Fidelity,Lagos,20-29,10,3,12,False,True,1,42910.34,175264.255,132353.915,108,202311.3293,393322.7454,6,1,0.212099481,0.731481481,1,SOCIAL_ENGINEERING,0.5,-0.866025404,0.433883739,-0.900968868,-2.45e-16,1.0,11.8080866,0,0.212099481,0.608492831,0.189335033
TXN_7E3519B91A15,CUST_51781212,2023-12-10 01:51:00,141352.19,Mobile,ATM_Withdrawal,FCMB,Lagos,40+,1,6,12,True,False,1,141352.19,74479.79,66872.4,91,106859.7811,146914.6779,6,1,1.322769575,0.747252747,0,,0.258819045,0.965925826,-0.781831482,0.623489802,-2.45e-16,1.0,11.85901693,0,1.322769575,0.132291375,0.082016039
TXN_62B022F70D9A,CUST_D475C240,2023-12-11 11:39:00,107946.47,Mobile,Bill_Payment,UBA,Lagos,20-29,11,0,12,False,True,2,94849.55,47424.775,17704.535,81,188162.9769,396788.1374,6,1,0.157948617,0.691358025,1,SOCIAL_ENGINEERING,0.258819045,-0.965925826,0.0,1.0,-2.45e-16,1.0,11.5894,0,1.008158432,0.829641092,0.255647103
TXN_63C42B897DAC,CUST_CA6FB05E,2023-11-07 08:41:00,25440.24,Mobile,Electronics,Wema,Other,30-39,8,1,11,False,False,1,646539.41,646539.41,0.0,87,151086.6599,194542.4224,5,1,4.279233728,0.643678161,1,OTHER,0.866025404,-0.5,0.781831482,0.623489802,-0.5,0.866025404,10.14412676,0,4.279233728,0.369588322,0.247811976
TXN_B6B2CCD4495D,CUST_2B2268E9,2023-12-26 13:56:00,162576.78,IB,Electronics,Union,Other,20-29,13,1,12,False,False,1,162576.78,137415.4675,123695.1352,96,180873.3679,341995.3004,6,1,0.898838138,0.697916667,0,,-0.258819045,-0.965925826,0.781831482,0.623489802,-2.45e-16,1.0,11.99891181,0,0.898838138,0.369588322,0.139639317
TXN_2BFA56A303B7,CUST_6B7A3548,2023-12-02 22:19:00,158514.23,ECOM,ATM_Withdrawal,Fidelity,Abuja,40+,22,5,12,True,False,1,121529.62,121529.62,0.0,89,135259.1211,212119.8555,5,1,0.89848818,0.764044944,1,SOCIAL_ENGINEERING,-0.5,0.866025404,-0.974927912,-0.222520934,-2.45e-16,1.0,11.97360596,0,0.89848818,0.132291375,0.068439034
TXN_748122348B2D,CUST_949F3956,2023-11-02 08:35:00,27394.64,Mobile,Electronics,Fidelity,Lagos,30-39,8,3,11,False,False,1,27394.64,110877.2375,84755.66029,104,110891.9858,144492.7768,5,1,0.247036725,0.730769231,0,,0.866025404,-0.5,0.433883739,-0.900968868,-0.5,0.866025404,10.21813916,0,0.247036725,0.369588322,0.118781672
TXN_4DE5C7122455,CUST_1C7CADDD,2023-11-20 14:36:00,265790.38,Mobile,Restaurant,Access,Other,30-39,14,0,11,False,True,3,268527.77,103359.9913,96387.7621,103,234754.7832,832083.0301,6,1,0.703027153,0.660194175,1,SOCIAL_ENGINEERING,-0.5,-0.866025404,0.0,1.0,-0.5,0.866025404,12.49046699,0,3.431580253,0.608492831,0.210501824
TXN_A8120A589A53,CUST_8AEE6FA4,2023-11-23 11:23:00,324629.41,Mobile,Grocery,Union,Lagos,40+,11,3,11,False,True,1,324629.41,149136.0333,126541.4214,101,170595.715,381514.0029,6,1,1.902905398,0.742574257,0,,0.258819045,-0.965925826,0.433883739,-0.900968868,-0.5,0.866025404,12.69044261,0,1.902905398,0.214999865,0.125392932
TXN_8E4DC82EB187,CUST_9438D7C2,2023-11-28 05:40:00,724655.08,POS,Bill_Payment,Zenith,Other,30-39,5,1,11,False,False,1,11252.33,36889.42,16339.86573,117,111864.8126,136415.6116,6,1,0.100587747,0.683760684,1,ROBBERY,0.965925826,0.258819045,0.781831482,0.623489802,-0.5,0.866025404,13.49345245,0,0.100587747,0.829641092,0.252111136
TXN_06509BA24EBE,CUST_29E82372,2023-11-13 10:51:00,59951.36,Web,Fuel,Fidelity,Other,40+,10,0,11,False,True,1,59951.36,86918.1475,76210.41158,86,205658.5147,407229.927,6,1,0.291507836,0.61627907,0,,0.5,-0.866025404,0.0,1.0,-0.5,0.866025404,11.00130553,0,0.291507836,0.202718491,0.070143798
TXN_EA13FD7CB1D8,CUST_697F5B75,2023-12-08 10:04:00,58760.33,Mobile,Transport,Union,Lagos,40+,10,4,12,False,True,2,260885.33,177366.32,90808.75751,95,168496.4418,277621.7922,6,1,0.142711365,0.705263158,1,SOCIAL_ENGINEERING,0.5,-0.866025404,-0.433883739,-0.900968868,-2.45e-16,1.0,10.98123926,0,3.096608794,0.440230432,0.142543688
TXN_203D5E252CE0,CUST_D70114E8,2023-12-11 14:25:00,24535.93,POS,Education,Access,Lagos,30-39,14,0,12,False,True,1,24535.93,172677.102,291159.7664,97,159425.5973,303731.9555,6,1,0.153901108,0.680412371,0,,-0.5,-0.866025404,0.0,1.0,-2.45e-16,1.0,10.10793461,0,0.153901108,0.231290726,0.074312053
TXN_35F5DD984C4E,CUST_6ABD8BA0,2023-11-16 04:37:00,325890.52,Mobile,Entertainment,FirstBank,Lagos,20-29,4,3,11,False,False,1,40167.94,45442.45,5274.51,118,152922.685,198776.9448,6,1,0.262666571,0.754237288,1,SOCIAL_ENGINEERING,0.866025404,0.5,0.433883739,-0.900968868,-0.5,0.866025404,12.69431984,0,0.262666571,0.877424404,0.271632652
TXN_F9CB2C9F75CC,CUST_DE14DADC,2023-12-25 12:16:00,175442.73,Web,Education,GTBank,Abuja,40+,12,0,12,False,False,1,175442.73,179477.425,171017.6268,108,127014.2513,190208.1558,5,1,1.381272943,0.740740741,0,,1.22e-16,-1.0,0.0,1.0,-2.45e-16,1.0,12.07507364,0,1.381272943,0.231290726,0.113587952
TXN_154A64279D38,CUST_5532BE5B,2023-12-12 02:18:00,624112.34,POS,ATM_Withdrawal,GTBank,Lagos,40+,2,1,12,False,False,2,670307.57,228538.6,279996.9518,96,113712.4476,168333.924,6,1,5.488465552,0.697916667,0,,0.5,0.866025404,0.781831482,0.623489802,-2.45e-16,1.0,13.34408727,0,11.78941601,0.132291375,0.227920211
TXN_DDEC712BC77F,CUST_5F4E0F45,2023-11-13 16:48:00,1603006.48,IB,Electronics,Access,Lagos,<20,16,0,11,False,True,1,110081.19,68796.47,41284.72,76,176389.9137,261446.5334,6,1,0.624075173,0.565789474,1,SOCIAL_ENGINEERING,-0.866025404,-0.5,0.0,1.0,-0.5,0.866025404,14.2873921,0,0.624075173,0.369588322,0.130846902
TXN_59615C2386B6,CUST_E9B8FCC4,2023-11-06 01:32:00,61039.32,Web,Medical,FCMB,Lagos,30-39,1,0,11,False,False,2,263047.9,131523.95,70484.63,96,146160.6719,295429.4244,6,1,0.417615092,0.71875,0,,0.258819045,0.965925826,0.0,1.0,-0.5,0.866025404,11.01928991,0,3.599410114,0.121274285,0.056109559
TXN_635917221640,CUST_4A6B5B14,2023-11-25 17:53:00,239664.85,ATM,Bill_Payment,Sterling,Lagos,40+,17,5,11,True,False,1,19385.6,160509.1675,165622.8454,102,158531.8767,385751.8918,6,1,0.122281261,0.676470588,1,SOCIAL_ENGINEERING,-0.965925826,-0.258819045,-0.974927912,-0.222520934,-0.5,0.866025404,12.38700094,0,0.122281261,0.829641092,0.252805328
TXN_BA62574281BE,CUST_6865A25A,2023-12-17 11:23:00,775392.27,IB,Grocery,UBA,Other,20-29,11,6,12,True,True,1,56565.87,73757.9775,46646.90887,105,129726.8659,270252.6057,6,1,0.436034846,0.657142857,1,SOCIAL_ENGINEERING,0.258819045,-0.965925826,-0.781831482,0.623489802,-2.45e-16,1.0,13.56112562,0,0.436034846,0.214999865,0.078453074
TXN_E84CD2F2CAFC,CUST_B6A88EAC,2023-11-18 16:31:00,54214.6,Mobile,Entertainment,Union,Abuja,20-29,16,5,11,True,True,1,47819.62,50000.98,32481.68074,101,141326.8311,230489.0776,6,1,0.338359541,0.653465347,1,SOCIAL_ENGINEERING,-0.866025404,-0.5,-0.974927912,-0.222520934,-0.5,0.866025404,10.90072397,0,0.338359541,0.877424404,0.274054827
TXN_2ED721504769,CUST_E1C613A3,2023-12-10 21:48:00,73065.1,Web,Bill_Payment,Union,Other,20-29,21,6,12,True,False,2,222439.36,93357.94,53660.83956,115,121398.3629,245694.9049,6,1,1.254706091,0.765217391,1,ROBBERY,-0.707106781,0.707106781,-0.781831482,0.623489802,-2.45e-16,1.0,11.19911979,0,3.66458859,0.829641092,0.293862688
TXN_A00ACF9ABE30,CUST_4C0F1D65,2023-12-30 08:34:00,126613.38,Mobile,Bill_Payment,FCMB,Other,40+,8,5,12,True,False,2,65866.21,41095.24333,19872.95431,108,106715.5922,129864.4155,6,1,0.329999106,0.740740741,1,SOCIAL_ENGINEERING,0.866025404,-0.5,-0.974927912,-0.222520934,-2.45e-16,1.0,11.74890137,0,1.234413668,0.829641092,0.261261128
TXN_160466F72511,CUST_1DBCBA37,2023-12-09 13:15:00,31638.88,Mobile,Restaurant,Access,Other,40+,13,5,12,True,False,1,31638.88,168041.7933,100173.5861,82,176739.3544,533411.4127,6,1,0.179013333,0.756097561,0,,-0.258819045,-0.965925826,-0.974927912,-0.222520934,-2.45e-16,1.0,10.36217363,0,0.179013333,0.608492831,0.188276276
TXN_DD3BAD9B1C4E,CUST_B07F21CB,2023-11-12 08:00:00,152441.28,IB,Bill_Payment,Wema,Abuja,20-29,8,6,11,True,False,1,152441.28,152441.28,0.0,102,203925.1899,453147.0961,6,1,0.747531644,0.62745098,0,,0.866025404,-0.5,-0.781831482,0.623489802,-0.5,0.866025404,11.93454131,0,0.747531644,0.829641092,0.27281334
TXN_258C1CE945FD,CUST_5F025461,2023-11-28 11:13:00,246832.65,Web,Airtime,Wema,Other,40+,11,1,11,False,True,2,343726.5,125532.6267,69175.01312,90,144911.0326,227012.8492,6,1,0.998492171,0.755555556,1,SOCIAL_ENGINEERING,0.258819045,-0.965925826,0.781831482,0.623489802,-0.5,0.866025404,12.41646991,0,4.743933184,0.490394602,0.186561012
TXN_D7BEB313D098,CUST_868E62D7,2023-11-29 10:51:00,139399.8,POS,Entertainment,Zenith,Ogun,30-39,10,2,11,False,True,1,10085.99,16975.205,6889.215,89,133642.3856,195831.8667,6,1,0.075469429,0.651685393,1,SOCIAL_ENGINEERING,0.5,-0.866025404,0.974927912,-0.222520934,-0.5,0.866025404,11.84510852,0,0.075469429,0.877424404,0.265642343
TXN_9A2BDBA42B83,CUST_969FD372,2023-11-22 08:07:00,729647.95,Mobile,Bill_Payment,Wema,Other,40+,8,2,11,False,False,1,64876.32,71882.37667,36730.76992,99,156615.2387,241134.5708,6,1,0.414237505,0.797979798,1,SOCIAL_ENGINEERING,0.866025404,-0.5,0.974927912,-0.222520934,-0.5,0.866025404,13.50031881,0,0.414237505,0.829641092,0.262147928
TXN_CCBC1676D51A,CUST_BFA2DD75,2023-11-06 15:29:00,727638.12,Web,Grocery,Wema,Lagos,40+,15,0,11,False,True,1,63731.15,253871.02,304122.3649,121,134793.7079,239127.1717,5,1,0.472801574,0.719008264,1,SOCIAL_ENGINEERING,-0.707106781,-0.707106781,0.0,1.0,-0.5,0.866025404,13.49756049,0,0.472801574,0.214999865,0.07962961
TXN_25CAD3B4068D,CUST_FD18233E,2023-11-02 13:12:00,73017.24,Mobile,Bill_Payment,Union,Lagos,40+,13,3,11,False,False,1,155382.59,322442.33,167059.74,113,161431.0372,227941.4201,6,1,0.962526353,0.681415929,1,SOCIAL_ENGINEERING,-0.258819045,-0.965925826,0.433883739,-0.900968868,-0.5,0.866025404,11.19846455,0,0.962526353,0.829641092,0.279693171
TXN_6AFD603272EB,CUST_7EE0D745,2023-12-03 13:29:00,80874.94,POS,Retail,GTBank,Rivers,40+,13,6,12,True,False,1,80874.94,62157.12,18717.82,85,127788.2556,225115.3031,5,1,0.632877464,0.635294118,0,,-0.258819045,-0.965925826,-0.781831482,0.623489802,-2.45e-16,1.0,11.30067165,0,0.632877464,0.180890699,0.074519289
TXN_D56C4DBBE169,CUST_D6950080,2023-12-02 16:21:00,281511.59,IB,Entertainment,UBA,Lagos,20-29,16,5,12,True,True,1,281511.59,170128.79,111382.8,97,136865.0557,203568.4216,6,1,2.056840088,0.649484536,0,,-0.866025404,-0.5,-0.974927912,-0.222520934,-2.45e-16,1.0,12.54793245,0,2.056840088,0.877424404,0.329046204
TXN_DD40888E0B95,CUST_F85BE8D1,2023-11-12 09:40:00,679805.88,Mobile,Retail,UBA,Lagos,40+,9,6,11,True,False,1,61455.0,125937.39,51322.80242,91,138088.0833,178595.4054,6,1,0.445038801,0.747252747,1,SOCIAL_ENGINEERING,0.707106781,-0.707106781,-0.781831482,0.623489802,-0.5,0.866025404,13.42956404,0,0.445038801,0.180890699,0.068508451
TXN_5089074BC6F7,CUST_FA99DEB8,2023-12-02 12:41:00,110519.66,Web,Retail,Access,Lagos,20-29,12,5,12,True,False,1,110519.66,74605.13,31855.32527,102,192549.3732,410832.8549,6,1,0.573977906,0.705882353,0,,1.22e-16,-1.0,-0.974927912,-0.222520934,-2.45e-16,1.0,11.61295775,0,0.573977906,0.180890699,0.072634503
TXN_21039F67D256,CUST_1D72A012,2023-12-03 05:56:00,28005.96,Mobile,Fuel,Zenith,Other,40+,5,6,12,True,False,2,588635.65,281586.662,249757.6533,119,150290.9501,254539.0242,6,1,0.186343713,0.773109244,0,,0.965925826,0.258819045,-0.781831482,0.623489802,-2.45e-16,1.0,10.24020833,0,7.833229254,0.202718491,0.082072317
TXN_337D187EE1DE,CUST_6073B767,2023-11-16 15:44:00,113040.83,Mobile,Airtime,GTBank,Other,20-29,15,3,11,False,True,1,287192.72,104892.84,128919.8809,87,182228.1445,355115.4268,5,1,1.575997741,0.620689655,1,SOCIAL_ENGINEERING,-0.707106781,-0.707106781,0.433883739,-0.900968868,-0.5,0.866025404,11.63551321,0,1.575997741,0.490394602,0.197550308
TXN_A189D51E869C,CUST_F9750F5F,2023-11-06 11:48:00,125741.34,POS,Fashion,Fidelity,Rivers,40+,11,0,11,False,True,1,26909.05,220155.8825,176076.7878,99,173924.428,447012.8482,6,1,0.15471602,0.646464646,1,SOCIAL_ENGINEERING,0.258819045,-0.965925826,0.0,1.0,-0.5,0.866025404,11.74199017,0,0.15471602,0.542436434,0.167681843
TXN_2A67357D62D4,CUST_AAEF9190,2023-11-29 11:53:00,101649.92,Mobile,Transfer,GTBank,Other,20-29,11,2,11,False,True,1,91680.93,218517.4025,210422.2624,102,138803.7055,166934.6214,6,1,0.66050304,0.705882353,1,SOCIAL_ENGINEERING,0.258819045,-0.965925826,0.974927912,-0.222520934,-0.5,0.866025404,11.52929987,0,0.66050304,0.294540894,0.109498365
TXN_02ADEEE75734,CUST_BFBE4822,2023-11-04 12:27:00,146672.73,IB,Restaurant,UBA,Lagos,20-29,12,5,11,True,False,1,146672.73,146672.73,0.0,101,148143.2873,189564.1615,6,1,0.990066729,0.712871287,0,,1.22e-16,-1.0,-0.974927912,-0.222520934,-0.5,0.866025404,11.89596588,0,0.990066729,0.608492831,0.214229985
TXN_9066181F58A8,CUST_A833C651,2023-11-05 11:30:00,88653.97,Mobile,Airtime,FirstBank,Lagos,20-29,11,6,11,True,True,1,112936.57,114404.3967,17370.43509,108,145960.4793,282705.0888,6,1,0.773742295,0.712962963,1,SOCIAL_ENGINEERING,0.258819045,-0.965925826,-0.781831482,0.623489802,-0.5,0.866025404,11.39250737,0,0.773742295,0.490394602,0.171878134
TXN_F235035FA9EB,CUST_60CCFBAE,2023-11-11 12:22:00,58781.74,Web,Education,Fidelity,Oyo,30-39,12,5,11,True,False,2,269646.96,86747.942,45478.87173,86,155496.9285,306977.5216,6,1,1.000311204,0.76744186,1,SOCIAL_ENGINEERING,1.22e-16,-1.0,-0.974927912,-0.222520934,-0.5,0.866025404,10.98160355,0,3.468174305,0.231290726,0.106332902
TXN_05947E939D80,CUST_50E66E79,2023-12-04 09:34:00,1302586.47,POS,Airtime,FCMB,Other,40+,9,0,12,False,False,1,1302586.47,717870.175,584716.295,98,222630.6373,505371.7877,5,1,5.850859678,0.683673469,0,,0.707106781,-0.707106781,0.0,1.0,-2.45e-16,1.0,14.07986321,0,5.850859678,0.490394602,0.33434589
TXN_18406540B402,CUST_E97BB1F6,2023-11-17 15:36:00,228173.61,Mobile,Entertainment,Zenith,Lagos,40+,15,4,11,False,True,1,472737.06,219688.046,149173.8215,111,124873.1286,169160.6274,6,1,3.785708578,0.657657658,1,SOCIAL_ENGINEERING,-0.707106781,-0.707106781,-0.433883739,-0.900968868,-0.5,0.866025404,12.33786645,0,3.785708578,0.877424404,0.384369996
TXN_5F538DCDC1B3,CUST_4656BA7D,2023-11-18 15:53:00,36868.84,Web,Transport,Access,Lagos,40+,15,5,11,True,True,1,36868.84,36868.84,0.0,109,116487.7123,154103.3709,6,1,0.316501395,0.697247706,0,,-0.707106781,-0.707106781,-0.974927912,-0.222520934,-0.5,0.866025404,10.51514915,0,0.316501395,0.440230432,0.142197174
TXN_2E1C5AEA0849,CUST_5EB99F11,2023-12-30 06:18:00,58333.9,Mobile,Education,UBA,Abuja,40+,6,5,12,True,False,1,58333.9,36045.65,22288.25,107,149321.9553,287888.862,6,1,0.390655944,0.691588785,0,,1.0,6.12e-17,-0.974927912,-0.222520934,-2.45e-16,1.0,10.97395582,0,0.390655944,0.231290726,0.081888208
TXN_8A49BF201723,CUST_E9F21EC8,2023-11-16 08:55:00,430460.14,Mobile,Transfer,Union,Lagos,20-29,8,3,11,False,False,2,155260.23,308984.1875,259627.3473,104,157694.5656,313144.4154,6,1,0.567650648,0.692307692,1,SOCIAL_ENGINEERING,0.866025404,-0.5,0.433883739,-0.900968868,-0.5,0.866025404,12.97261233,0,1.969113455,0.294540894,0.109330015
TXN_DA59440DBE24,CUST_18598EA3,2023-12-28 02:28:00,64082.39,POS,Entertainment,Union,Lagos,40+,2,3,12,False,False,1,64082.39,64082.39,0.0,94,130060.7787,175584.1066,5,1,0.492707317,0.808510638,0,,0.5,0.866025404,0.433883739,-0.900968868,-2.45e-16,1.0,11.06794048,0,0.492707317,0.877424404,0.278993955
TXN_6734A5F6B3A1,CUST_F1D61125,2023-12-16 09:26:00,19241.49,Web,ATM_Withdrawal,Wema,Lagos,30-39,9,5,12,True,False,2,552724.99,213097.455,146590.3646,92,117365.5409,167836.948,5,1,3.718535085,0.673913043,1,SOCIAL_ENGINEERING,0.707106781,-0.707106781,-0.974927912,-0.222520934,-2.45e-16,1.0,9.864876134,0,9.418783001,0.132291375,0.170081031
TXN_080B6A2B2454,CUST_E365832E,2023-12-31 09:17:00,52152.51,Mobile,Retail,Zenith,Other,30-39,9,6,12,True,False,2,4962348.22,1025865.492,1766219.073,110,202314.5857,506708.9296,6,1,0.237969654,0.7,1,SOCIAL_ENGINEERING,0.707106781,-0.707106781,-0.781831482,0.623489802,-2.45e-16,1.0,10.86194676,0,49.05552088,0.180890699,0.159517341
TXN_2F697A6DFC55,CUST_F94E56E4,2023-11-18 20:41:00,24008.98,POS,Retail,Access,Other,40+,20,5,11,True,False,1,24008.98,24008.98,0.0,100,174887.6709,301878.1677,6,1,0.137281505,0.66,0,,-0.866025404,0.5,-0.974927912,-0.222520934,-0.5,0.866025404,10.08622486,0,0.137281505,0.180890699,0.058660218
TXN_E476D95BD58A,CUST_19DA08B1,2023-12-22 14:48:00,544281.76,Web,Medical,Access,Other,30-39,14,4,12,False,True,1,544281.76,277924.2,266357.56,106,130569.9797,155564.482,6,1,4.168474198,0.669811321,0,,-0.5,-0.866025404,-0.433883739,-0.900968868,-2.45e-16,1.0,13.20722417,0,4.168474198,0.121274285,0.16977346
TXN_74655E6EE8FA,CUST_57043A32,2023-11-10 13:54:00,84248.99,Mobile,Transport,Sterling,Lagos,40+,13,4,11,False,False,3,161570.73,53856.91,54206.3488,91,128611.596,185391.0878,6,1,0.158725822,0.703296703,1,OTHER,-0.258819045,-0.965925826,-0.433883739,-0.900968868,-0.5,0.866025404,11.34154373,0,3.76877697,0.440230432,0.144368458
TXN_80BB6091DB83,CUST_8247E578,2023-12-21 12:28:00,388914.96,Web,Restaurant,Union,Oyo,40+,12,3,12,False,False,2,517800.9,239939.2925,88272.90793,95,177742.9777,391880.6009,5,1,1.074163538,0.663157895,1,SOCIAL_ENGINEERING,1.22e-16,-1.0,0.433883739,-0.900968868,-2.45e-16,1.0,12.87111856,0,5.826367866,0.608492831,0.226425491
TXN_F4B85937A9FC,CUST_16B5A7F3,2023-12-17 20:57:00,284913.13,Mobile,Entertainment,FirstBank,Other,30-39,20,6,12,True,False,2,411879.09,261645.03,200301.4982,87,152857.6791,301502.3658,6,1,1.863898941,0.655172414,0,,-0.866025404,0.5,-0.781831482,0.623489802,-2.45e-16,1.0,12.55994312,0,5.389018046,0.877424404,0.329922326
TXN_6F6C0F2CDE0B,CUST_5EB99F11,2023-12-17 11:46:00,54425.83,POS,Electronics,UBA,Abuja,40+,11,6,12,True,True,1,54425.83,122725.4533,119584.0402,107,149321.9553,287888.862,6,1,0.364484013,0.691588785,0,,0.258819045,-0.965925826,-0.781831482,0.623489802,-2.45e-16,1.0,10.90461251,0,0.364484013,0.369588322,0.122539985
TXN_02EB863F35FE,CUST_83AD9FA0,2023-12-10 11:37:00,125014.3,POS,Grocery,Union,Other,20-29,11,6,12,True,True,1,125014.3,118112.066,55562.45609,94,147524.522,229251.9302,6,1,0.847407949,0.617021277,0,,0.258819045,-0.965925826,-0.781831482,0.623489802,-2.45e-16,1.0,11.73619141,0,0.847407949,0.214999865,0.091617014
TXN_D8852016BAA4,CUST_F2E732FB,2023-11-21 10:40:00,285033.67,POS,Transport,FCMB,Lagos,20-29,10,1,11,False,True,1,230538.45,230538.45,0.0,99,134575.4279,230176.298,6,1,1.713067092,0.717171717,1,SOCIAL_ENGINEERING,0.5,-0.866025404,0.781831482,0.623489802,-0.5,0.866025404,12.5603661,0,1.713067092,0.440230432,0.186887277
TXN_A0492F7642F9,CUST_6B8FF1B2,2023-11-26 16:40:00,254545.65,Mobile,Entertainment,Wema,Lagos,40+,16,6,11,True,True,1,24756.66,95410.30333,56748.0399,97,127529.8529,294030.3117,6,1,0.194122908,0.680412371,1,PIN_COMPROMISE,-0.866025404,-0.5,-0.781831482,0.623489802,-0.5,0.866025404,12.4472394,0,0.194122908,0.877424404,0.269439254
TXN_6C1E15C4FA45,CUST_23DF7B60,2023-12-11 15:15:00,207654.47,Web,Electronics,Fidelity,Other,20-29,15,0,12,False,True,1,207654.47,118532.9975,64246.512,95,131913.5315,292388.8505,5,1,1.574159175,0.747368421,0,,-0.707106781,-0.707106781,0.0,1.0,-2.45e-16,1.0,12.24363559,0,1.574159175,0.369588322,0.16124959
TXN_66958A8B5BF4,CUST_B25A01C1,2023-11-06 13:15:00,227595.03,Mobile,Airtime,Zenith,Other,40+,13,0,11,False,False,1,152157.04,129962.28,22194.76,102,260599.986,612141.8843,5,1,0.583869779,0.666666667,1,SOCIAL_ENGINEERING,-0.258819045,-0.965925826,0.0,1.0,-0.5,0.866025404,12.33532754,0,0.583869779,0.490394602,0.165802214
TXN_062AAABC3D76,CUST_CFEDBE64,2023-12-15 15:02:00,586400.21,POS,Airtime,Zenith,Other,40+,15,4,12,False,True,1,586400.21,295574.815,290825.395,103,129663.7523,208607.5461,6,1,4.522433425,0.757281553,0,,-0.707106781,-0.707106781,-0.433883739,-0.900968868,-2.45e-16,1.0,13.28175949,0,4.522433425,0.490394602,0.29183625
TXN_2413B45662AE,CUST_EA1770DB,2023-12-11 09:44:00,24227.14,POS,Restaurant,Fidelity,Other,20-29,9,0,12,False,False,1,24227.14,54473.118,49054.21864,94,174540.7538,760803.6302,6,1,0.138804266,0.744680851,0,,0.707106781,-0.707106781,0.0,1.0,-2.45e-16,1.0,10.09527005,0,0.138804266,0.608492831,0.186989586
TXN_0513AAD16FA4,CUST_76FD0363,2023-11-03 06:34:00,104287.4,Mobile,Grocery,FCMB,Lagos,40+,6,4,11,False,False,1,49861.94,38790.3875,17649.59127,107,126920.1691,238991.6059,6,1,0.392857554,0.700934579,1,ROBBERY,1.0,6.12e-17,-0.433883739,-0.900968868,-0.5,0.866025404,11.55491542,0,0.392857554,0.214999865,0.077071401
TXN_90647DA41ABB,CUST_F63C9CE9,2023-11-15 14:02:00,98253.8,Mobile,Electronics,Fidelity,Other,30-39,14,2,11,False,True,1,1004152.34,510038.42,494113.92,85,188381.5185,506693.1347,6,1,5.330390251,0.682352941,1,SOCIAL_ENGINEERING,-0.5,-0.866025404,0.974927912,-0.222520934,-0.5,0.866025404,11.49531938,0,5.330390251,0.369588322,0.281448985
TXN_D1C247194076,CUST_64D2B585,2023-11-29 08:37:00,1075489.25,Web,Transport,Sterling,Other,40+,8,2,11,False,False,1,99989.16,75289.505,31476.08229,106,159941.9016,405904.2976,6,1,0.625155346,0.603773585,1,SOCIAL_ENGINEERING,0.866025404,-0.5,0.974927912,-0.222520934,-0.5,0.866025404,13.88828716,0,0.625155346,0.440230432,0.152074101
TXN_CF1ADE0C5D5C,CUST_93B98DBD,2023-11-05 00:44:00,116846.46,Mobile,Fuel,Zenith,Other,30-39,0,6,11,True,False,1,415056.87,292127.6,122929.27,74,151354.8034,214186.3212,6,1,2.74225937,0.635135135,1,SOCIAL_ENGINEERING,0.0,1.0,-0.781831482,0.623489802,-0.5,0.866025404,11.6686246,0,2.74225937,0.202718491,0.148567847
TXN_63027EF94979,CUST_C6977236,2023-11-29 11:13:00,36592.69,Mobile,Grocery,Union,Ogun,20-29,11,2,11,False,True,1,72492.45,288407.8667,350531.5604,84,191067.5142,300167.5635,6,1,0.379405525,0.714285714,1,SOCIAL_ENGINEERING,0.258819045,-0.965925826,0.974927912,-0.222520934,-0.5,0.866025404,10.5076311,0,0.379405525,0.214999865,0.076640936
TXN_7E4B61536FC3,CUST_B13385D0,2023-11-20 08:17:00,573935.26,POS,Transfer,Wema,Lagos,30-39,8,0,11,False,False,1,3497.54,303640.7433,320841.4013,100,134756.3142,182693.2847,6,1,0.025954361,0.66,1,SOCIAL_ENGINEERING,0.866025404,-0.5,0.0,1.0,-0.5,0.866025404,13.26027362,0,0.025954361,0.294540894,0.089192808
TXN_FF9B87E4CFC0,CUST_5A19EBF3,2023-11-29 13:33:00,168285.43,Web,Fashion,FirstBank,Other,40+,13,2,11,False,False,1,241524.13,143525.0733,84879.45255,99,193406.4074,306653.9389,6,1,1.24878428,0.727272727,1,SOCIAL_ENGINEERING,-0.258819045,-0.965925826,0.974927912,-0.222520934,-0.5,0.866025404,12.03342275,0,1.24878428,0.542436434,0.202692027
TXN_BED7F62AA1ED,CUST_5E484734,2023-11-25 07:20:00,183653.65,Mobile,Medical,Zenith,Lagos,40+,7,5,11,True,False,1,75187.05,75187.05,0.0,81,142713.4009,160278.9436,6,1,0.526835761,0.617283951,1,SOCIAL_ENGINEERING,0.965925826,-0.258819045,-0.974927912,-0.222520934,-0.5,0.866025404,12.12081237,0,0.526835761,0.121274285,0.05324103
TXN_9DBE6C546C37,CUST_A86573B8,2023-11-29 11:39:00,562843.3,Mobile,Fashion,Access,Rivers,20-29,11,2,11,False,True,1,562843.3,335757.29,227086.01,107,152658.9264,250692.1884,6,1,3.686909283,0.719626168,0,,0.258819045,-0.965925826,0.974927912,-0.222520934,-0.5,0.866025404,13.24075831,0,3.686909283,0.542436434,0.280712027
TXN_D4299DD029E2,CUST_AB3CA590,2023-11-04 15:32:00,184050.98,POS,Restaurant,UBA,Abuja,40+,15,5,11,True,True,1,159174.52,81070.1525,58017.17548,93,117994.8252,221493.5308,6,1,1.348984337,0.720430108,1,PHISHING,-0.707106781,-0.707106781,-0.974927912,-0.222520934,-0.5,0.866025404,12.1229735,0,1.348984337,0.608492831,0.225715348
TXN_90810A0BE24A,CUST_C490B5A7,2023-12-18 08:05:00,17052.0,POS,Fashion,GTBank,Lagos,40+,8,0,12,False,False,1,17052.0,272582.84,255530.84,113,205437.0288,435999.579,6,1,0.083003133,0.663716814,0,,0.866025404,-0.5,0.0,1.0,-2.45e-16,1.0,9.74408142,0,0.083003133,0.542436434,0.165387031
TXN_A9BDE6B18E2E,CUST_7BA81890,2023-12-13 13:42:00,99572.88,Mobile,ATM_Withdrawal,Zenith,Lagos,40+,13,2,12,False,False,1,99572.88,145781.2071,94993.6003,87,165895.1207,498549.1612,6,1,0.600212227,0.735632184,0,,-0.258819045,-0.965925826,0.974927912,-0.222520934,-2.45e-16,1.0,11.50865516,0,0.600212227,0.132291375,0.058894204
TXN_51196CD0507A,CUST_608B1E5D,2023-12-24 17:54:00,3382348.97,POS,Retail,Union,Rivers,20-29,17,6,12,True,False,2,197175.07,115162.6467,79499.62062,111,196745.8034,441684.2953,6,1,0.028206151,0.765765766,1,SOCIAL_ENGINEERING,-0.965925826,-0.258819045,-0.781831482,0.623489802,-2.45e-16,1.0,15.03408128,0,2.004353479,0.180890699,0.059122101
TXN_66B1FFD02B85,CUST_253CE0C4,2023-12-24 15:05:00,7271.22,Mobile,Fuel,FirstBank,Other,20-29,15,6,12,True,True,1,7271.22,7271.22,0.0,103,121555.4959,195224.6872,6,1,0.059817618,0.747572816,0,,-0.707106781,-0.707106781,-0.781831482,0.623489802,-2.45e-16,1.0,8.891816888,0,0.059817618,0.202718491,0.062729711
TXN_568A715114C5,CUST_DE9056F9,2023-12-30 23:31:00,246259.88,Mobile,Entertainment,UBA,Lagos,40+,23,5,12,True,False,1,47012.58,46170.3025,10277.96243,96,110988.8023,151175.1772,6,1,0.423575671,0.71875,1,SOCIAL_ENGINEERING,-0.258819045,0.965925826,-0.974927912,-0.222520934,-2.45e-16,1.0,12.41414674,0,0.423575671,0.877424404,0.276781743
TXN_892F93E64EA6,CUST_4C1147C8,2023-12-24 00:19:00,583277.94,Mobile,Grocery,Fidelity,Lagos,40+,0,6,12,True,False,1,583277.94,255148.3275,202276.4214,107,140161.7631,214524.6846,6,1,4.161432945,0.747663551,0,,0.0,1.0,-0.781831482,0.623489802,-2.45e-16,1.0,13.27642081,0,4.161432945,0.214999865,0.197665814
TXN_177C670DACF7,CUST_50F5F755,2023-12-07 16:03:00,39686.1,Mobile,Grocery,Wema,Other,40+,16,3,12,False,True,1,33688.12,85487.53667,44718.80528,101,156396.6537,247301.9101,5,1,0.215400418,0.702970297,1,PHISHING,-0.866025404,-0.5,0.433883739,-0.900968868,-2.45e-16,1.0,10.58878148,0,0.215400418,0.214999865,0.071392773
TXN_B600C312CDCA,CUST_8DAD7D06,2023-12-30 14:10:00,93056.67,POS,Fuel,FCMB,Ogun,40+,14,5,12,True,True,2,294036.22,94177.8725,68948.90533,108,116231.822,142701.1379,5,1,0.800605787,0.796296296,0,,-0.5,-0.866025404,-0.974927912,-0.222520934,-2.45e-16,1.0,11.44097469,0,5.059435276,0.202718491,0.094952592
TXN_969C02A42882,CUST_0C298C85,2023-11-12 14:23:00,85452.36,Mobile,Restaurant,Sterling,Lagos,30-39,14,6,11,True,True,1,85452.36,44738.60333,28792.60013,105,141623.6215,364857.9504,6,1,0.603372204,0.647619048,0,,-0.5,-0.866025404,-0.781831482,0.623489802,-0.5,0.866025404,11.35572601,0,0.603372204,0.608492831,0.20185576
TXN_3F1FC07D9498,CUST_623D3F4D,2023-12-25 11:13:00,71546.83,Mobile,Entertainment,FirstBank,Other,20-29,11,0,12,False,True,3,568459.41,159973.1025,190036.5128,99,132702.3549,225550.311,6,1,3.832021957,0.727272727,1,SOCIAL_ENGINEERING,0.258819045,-0.965925826,0.0,1.0,-2.45e-16,1.0,11.17812146,0,12.85105588,0.877424404,0.403890092
TXN_80BD98F0004F,CUST_22D8144A,2023-12-05 14:59:00,5942927.37,IB,Medical,Wema,Lagos,<20,14,1,12,False,True,3,6480024.52,1145600.797,2151528.507,100,175489.4713,601622.3703,6,1,33.86467269,0.74,0,,-0.5,-0.866025404,0.781831482,0.623489802,-2.45e-16,1.0,15.59771256,0,110.7756644,0.121274285,0.536382286
TXN_6F6C083F0939,CUST_1F1D19E1,2023-12-13 10:53:00,302770.12,Web,Transfer,Union,Lagos,40+,10,2,12,False,True,2,193475.67,141300.09,123312.5783,100,228304.7626,507081.6332,5,1,0.359697754,0.7,1,ROBBERY,0.5,-0.866025404,0.974927912,-0.222520934,-2.45e-16,1.0,12.62073242,0,1.694882055,0.294540894,0.102542965
TXN_2851266CE48F,CUST_3E8CF697,2023-11-14 15:45:00,56478.83,POS,Retail,FirstBank,Oyo,40+,15,1,11,False,True,1,56478.83,168366.185,111887.355,91,135438.5714,189242.0893,6,1,0.417003904,0.681318681,0,,-0.707106781,-0.707106781,0.781831482,0.623489802,-0.5,0.866025404,10.94163886,0,0.417003904,0.180890699,0.067611335
TXN_CA024374BC93,CUST_334F1D17,2023-12-19 08:58:00,156588.16,Mobile,Transport,Union,Abuja,30-39,8,1,12,False,False,1,61482.09,151214.9,89732.81,107,128271.0379,168254.4538,5,1,0.479310152,0.719626168,1,ROBBERY,0.866025404,-0.5,0.781831482,0.623489802,-2.45e-16,1.0,11.96138084,0,0.479310152,0.440230432,0.147407054
TXN_1242E26406F5,CUST_DD6AFEA7,2023-11-16 16:56:00,64172.48,Mobile,Entertainment,Wema,Oyo,30-39,16,3,11,False,True,1,207579.45,106362.12,77581.17237,92,114714.2352,174199.4763,6,1,1.809519456,0.77173913,1,SOCIAL_ENGINEERING,-0.866025404,-0.5,0.433883739,-0.900968868,-0.5,0.866025404,11.06934532,0,1.809519456,0.877424404,0.321131944
TXN_CD33D3C1AB9E,CUST_4592577D,2023-11-20 15:00:00,66692.74,Web,Fashion,FCMB,Lagos,20-29,15,0,11,False,True,1,49707.63,281698.078,469287.5023,83,171463.4487,236280.7034,6,1,0.289900503,0.759036145,1,OTHER,-0.707106781,-0.707106781,0.0,1.0,-0.5,0.866025404,11.10786637,0,0.289900503,0.542436434,0.172007746
TXN_F9079F515451,CUST_BAE46824,2023-12-10 14:12:00,59283.69,Web,Airtime,GTBank,Lagos,30-39,14,6,12,True,True,1,112920.66,87652.825,25267.835,89,160967.3947,315787.0169,5,1,0.701508269,0.685393258,1,OTHER,-0.5,-0.866025404,-0.781831482,0.623489802,-2.45e-16,1.0,10.99010637,0,0.701508269,0.490394602,0.169566645
TXN_56E08FCE90FD,CUST_8A6CB92F,2023-11-25 10:00:00,428232.58,Mobile,Entertainment,FirstBank,Lagos,20-29,10,5,11,True,True,1,91162.78,153350.7,69564.06204,112,119829.3213,173588.0854,6,1,0.760765548,0.723214286,1,SOCIAL_ENGINEERING,0.5,-0.866025404,-0.974927912,-0.222520934,-0.5,0.866025404,12.96742407,0,0.760765548,0.877424404,0.287571819
TXN_0EECE6DE0674,CUST_29FCE57C,2023-11-22 22:30:00,38500.9,Web,ATM_Withdrawal,Fidelity,Oyo,20-29,22,2,11,False,False,1,38500.9,92028.93,82846.131,100,123460.5104,232033.8471,6,1,0.311845367,0.68,0,,-0.5,0.866025404,0.974927912,-0.222520934,-0.5,0.866025404,10.55846287,0,0.311845367,0.132291375,0.049666464
TXN_BC5437A85D28,CUST_733D6B0F,2023-11-03 14:30:00,407442.58,Mobile,Retail,Wema,Other,40+,14,4,11,False,True,1,315413.6,167270.8367,104755.2264,119,174637.7494,335811.7744,6,1,1.806091724,0.655462185,1,SOCIAL_ENGINEERING,-0.5,-0.866025404,-0.433883739,-0.900968868,-0.5,0.866025404,12.91765775,0,1.806091724,0.180890699,0.112062145
TXN_C6DC2F78621B,CUST_0ACD3E7A,2023-11-16 16:44:00,311171.1,POS,Bill_Payment,GTBank,Other,20-29,16,3,11,False,True,1,33152.15,84025.8425,93869.38399,105,129464.9968,212979.4999,6,1,0.256068395,0.695238095,1,ROBBERY,-0.866025404,-0.5,0.433883739,-0.900968868,-0.5,0.866025404,12.64810141,0,0.256068395,0.829641092,0.257086516
TXN_79CFAE27493E,CUST_1BAC1C6F,2023-11-27 13:17:00,98041.89,Mobile,Bill_Payment,UBA,Other,20-29,13,0,11,False,False,1,46856.67,46856.67,0.0,103,145792.5329,324633.6573,6,1,0.321390593,0.689320388,1,CARD_THEFT,-0.258819045,-0.965925826,0.0,1.0,-0.5,0.866025404,11.49316031,0,0.321390593,0.829641092,0.259176827
TXN_8EA7A87A997B,CUST_156AAAF0,2023-12-01 10:06:00,154376.7,Web,Airtime,FCMB,Other,30-39,10,4,12,False,True,1,1122837.92,335597.105,456595.6376,127,134420.1639,206370.062,6,1,8.353133444,0.724409449,1,SOCIAL_ENGINEERING,0.5,-0.866025404,-0.433883739,-0.900968868,-2.45e-16,1.0,11.94715748,0,8.353133444,0.490394602,0.414418651
TXN_E603F2648679,CUST_79839CC1,2023-11-05 03:21:00,162176.09,Web,Transport,Wema,Lagos,20-29,3,6,11,True,False,1,220488.96,165609.23,106945.4144,101,191106.903,401301.2537,5,1,1.15374067,0.594059406,1,PHISHING,0.707106781,0.707106781,-0.781831482,0.623489802,-0.5,0.866025404,11.99644417,0,1.15374067,0.440230432,0.168988831
TXN_ADAECFB71898,CUST_6865A25A,2023-12-15 09:13:00,102912.98,Mobile,Restaurant,UBA,Other,20-29,9,4,12,False,False,1,62033.31,68765.09,49217.85652,105,129726.8659,270252.6057,6,1,0.478180301,0.657142857,1,CARD_THEFT,0.707106781,-0.707106781,-0.433883739,-0.900968868,-2.45e-16,1.0,11.54164877,0,0.478180301,0.608492831,0.197849619
TXN_5837795F2852,CUST_EB4CF9CF,2023-11-15 15:34:00,116366.17,Mobile,Bill_Payment,FCMB,Abuja,20-29,15,2,11,False,True,1,116366.17,65658.36,35915.74954,120,167019.3009,294644.2243,6,1,0.696718718,0.7,0,,-0.707106781,-0.707106781,0.974927912,-0.222520934,-0.5,0.866025404,11.66450573,0,0.696718718,0.829641092,0.271187327
TXN_03337978013F,CUST_DA872761,2023-12-26 14:14:00,52235.5,IB,Entertainment,UBA,Lagos,30-39,14,1,12,False,True,1,52235.5,79521.46,43621.87002,104,121119.2977,164703.1767,6,1,0.431269581,0.692307692,0,,-0.5,-0.866025404,0.781831482,0.623489802,-2.45e-16,1.0,10.86353676,0,0.431269581,0.877424404,0.277027948
TXN_4B4ECB9865DD,CUST_A8FF5BC8,2023-11-02 21:41:00,422511.36,Web,Airtime,Wema,Lagos,30-39,21,3,11,False,False,1,40022.42,34513.945,5508.475,102,89161.15676,115344.1515,5,1,0.448872273,0.774509804,1,SOCIAL_ENGINEERING,-0.707106781,0.707106781,0.433883739,-0.900968868,-0.5,0.866025404,12.95397398,0,0.448872273,0.490394602,0.161482293
TXN_6986ACCA318C,CUST_49A48176,2023-12-29 13:38:00,481339.96,POS,Bill_Payment,Access,Rivers,40+,13,4,12,False,False,1,17784.12,39944.53,21754.21608,101,141898.8054,249678.2848,6,1,0.125328713,0.712871287,1,SOCIAL_ENGINEERING,-0.258819045,-0.965925826,-0.433883739,-0.900968868,-2.45e-16,1.0,13.08433115,0,0.125328713,0.829641092,0.252902847
TXN_14307AFC9D7A,CUST_234C32C5,2023-11-16 16:22:00,316586.53,POS,Retail,Wema,Abuja,40+,16,3,11,False,True,2,61532.08,22028.27333,25320.23481,97,157191.3754,363590.8744,6,1,0.367912883,0.649484536,1,SOCIAL_ENGINEERING,-0.866025404,-0.5,0.433883739,-0.900968868,-0.5,0.866025404,12.66535504,0,0.782888863,0.180890699,0.066870374
TXN_400FCB7BE1D1,CUST_B9A4B213,2023-12-10 10:49:00,267379.71,POS,Retail,GTBank,Other,40+,10,6,12,True,True,1,352279.87,109650.07,142253.1983,94,185852.032,267731.5686,6,1,1.895475506,0.70212766,1,SOCIAL_ENGINEERING,0.5,-0.866025404,-0.781831482,0.623489802,-2.45e-16,1.0,12.4964288,0,1.895475506,0.180890699,0.114922426
TXN_A2AAC2DD74D1,CUST_139C4740,2023-12-19 01:59:00,515256.54,IB,Electronics,Zenith,Other,30-39,1,1,12,False,False,1,515256.54,363304.5967,181284.1154,95,110432.628,136912.1904,5,1,4.665757608,0.705263158,0,,0.258819045,0.965925826,0.781831482,0.623489802,-2.45e-16,1.0,13.15242213,0,4.665757608,0.369588322,0.26018074
TXN_80507A483309,CUST_29E8BA0F,2023-11-03 12:32:00,361552.63,Mobile,Transport,Sterling,Other,40+,12,4,11,False,False,1,361552.63,251300.2967,80104.26369,112,111575.1621,151646.2327,5,1,3.240411064,0.767857143,0,,1.22e-16,-1.0,-0.433883739,-0.900968868,-0.5,0.866025404,12.79816566,0,3.240411064,0.440230432,0.235762284
TXN_045E518A03C7,CUST_93DE0586,2023-12-09 14:29:00,19883.7,Mobile,ATM_Withdrawal,Wema,Lagos,20-29,14,5,12,True,True,2,441245.82,118372.732,156417.9239,96,124648.974,163370.9982,6,1,0.159516279,0.739583333,0,,-0.5,-0.866025404,-0.974927912,-0.222520934,-2.45e-16,1.0,9.897705871,0,7.079757917,0.132291375,0.058632417
TXN_A6D03202EB01,CUST_80659D4C,2023-12-21 12:06:00,6098721.6,IB,ATM_Withdrawal,Fidelity,Other,40+,12,3,12,False,False,2,807882.96,248425.6725,162775.2027,100,136460.3859,191405.9693,6,1,3.3167974,0.69,1,SOCIAL_ENGINEERING,1.22e-16,-1.0,0.433883739,-0.900968868,-2.45e-16,1.0,15.6235899,0,11.84046248,0.132291375,0.162872259
TXN_0FFC806E5289,CUST_1D824FFA,2023-12-18 06:55:00,104520.11,Web,Transport,GTBank,Rivers,40+,6,0,12,False,False,1,45328.45,43036.0025,13644.12311,103,148018.2547,271653.7455,6,1,0.30623347,0.689320388,1,SOCIAL_ENGINEERING,1.0,6.12e-17,0.0,1.0,-2.45e-16,1.0,11.55714434,0,0.30623347,0.440230432,0.141868601
TXN_D8A8D6110573,CUST_8163DEB5,2023-12-14 14:21:00,11946.2,Mobile,Electronics,Union,Lagos,20-29,14,3,12,False,True,1,11946.2,40757.19667,23546.62609,96,154305.1439,414509.8555,6,1,0.077418823,0.729166667,0,,-0.5,-0.866025404,0.433883739,-0.900968868,-2.45e-16,1.0,9.38825222,0,0.077418823,0.369588322,0.113353899
TXN_C68D037AC3C3,CUST_252821FF,2023-12-26 20:34:00,45887.61,Mobile,ATM_Withdrawal,Wema,Lagos,30-39,20,1,12,False,False,1,45887.61,156349.7075,191181.9891,106,194987.3782,360631.5991,6,1,0.235335103,0.735849057,0,,-0.866025404,0.5,0.781831482,0.623489802,-2.45e-16,1.0,10.73397222,0,0.235335103,0.132291375,0.047218136
TXN_A85CE4F341AA,CUST_9870952C,2023-12-07 15:34:00,591306.31,POS,Fuel,FCMB,Other,30-39,15,3,12,False,True,1,472074.3,169929.59,213687.766,96,154747.4269,243075.2483,6,1,3.050591916,0.697916667,1,OTHER,-0.707106781,-0.707106781,0.433883739,-0.900968868,-2.45e-16,1.0,13.29009114,0,3.050591916,0.202718491,0.158434489
TXN_60FCAE7EDD07,CUST_DD2484EB,2023-11-23 11:43:00,119230.25,Web,ATM_Withdrawal,FirstBank,Other,40+,11,3,11,False,True,1,235881.59,163808.305,72073.285,102,144919.4302,215373.0358,6,1,1.627662778,0.745098039,1,SOCIAL_ENGINEERING,0.258819045,-0.965925826,0.433883739,-0.900968868,-0.5,0.866025404,11.68882016,0,1.627662778,0.132291375,0.091772621
TXN_215BED0A07D4,CUST_0B1654AF,2023-11-04 01:16:00,157273.29,Mobile,Transport,GTBank,Other,30-39,1,5,11,True,False,1,157273.29,157273.29,0.0,98,170698.5139,305810.0933,6,1,0.921345858,0.704081633,0,,0.258819045,0.965925826,-0.974927912,-0.222520934,-0.5,0.866025404,11.96574663,0,0.921345858,0.440230432,0.161552197
TXN_69AB1287702C,CUST_C445E0DE,2023-11-17 01:37:00,782310.61,POS,Entertainment,UBA,Other,20-29,1,4,11,False,False,1,86275.19,60739.225,25535.965,96,99029.24146,125801.9296,6,1,0.871200441,0.677083333,1,SOCIAL_ENGINEERING,0.258819045,0.965925826,-0.433883739,-0.900968868,-0.5,0.866025404,13.57000842,0,0.871200441,0.877424404,0.291105735
TXN_005680A83B3C,CUST_0E4315CF,2023-12-28 19:41:00,7328.21,POS,Restaurant,GTBank,Lagos,40+,19,3,12,False,False,2,45780.67,110331.9033,124312.143,120,121450.9043,140847.2854,6,1,0.06033837,0.725,0,,-0.965925826,0.258819045,0.433883739,-0.900968868,-2.45e-16,1.0,8.899623013,0,0.753889702,0.608492831,0.18586578
TXN_D8E60CAC75F2,CUST_02EBD087,2023-11-28 13:23:00,126876.48,Web,Entertainment,UBA,Lagos,40+,13,1,11,False,False,1,120439.8,125012.315,114657.1216,85,147382.2612,169020.0403,6,1,0.81718778,0.682352941,1,ROBBERY,-0.258819045,-0.965925826,0.781831482,0.623489802,-0.5,0.866025404,11.75097718,0,0.81718778,0.877424404,0.28937733
TXN_A52285628A32,CUST_C505F79F,2023-12-03 14:19:00,72893.38,Mobile,Electronics,FCMB,Abuja,40+,14,6,12,True,True,1,29364.79,82464.22167,75291.90163,106,176268.8327,290307.4596,6,1,0.166589992,0.79245283,1,ROBBERY,-0.5,-0.866025404,-0.781831482,0.623489802,-2.45e-16,1.0,11.19676682,0,0.166589992,0.369588322,0.116207376
TXN_C74687502863,CUST_A833A3BC,2023-12-18 15:03:00,14910.77,Web,Transport,Sterling,Other,40+,15,0,12,False,True,1,14910.77,14910.77,0.0,111,199317.7537,412888.243,6,1,0.074808666,0.711711712,0,,-0.707106781,-0.707106781,0.0,1.0,-2.45e-16,1.0,9.609906113,0,0.074808666,0.440230432,0.134463007
TXN_816BD2F22A47,CUST_4CCC3455,2023-11-25 15:10:00,62160.45,Web,Electronics,FCMB,Lagos,40+,15,5,11,True,True,1,178211.7,83214.25,59084.29354,92,111774.964,138312.1072,5,1,1.594365135,0.717391304,1,SOCIAL_ENGINEERING,-0.707106781,-0.707106781,-0.974927912,-0.222520934,-0.5,0.866025404,11.03749031,0,1.594365135,0.369588322,0.161896181
TXN_37559861F312,CUST_ACBB96EB,2023-11-02 08:01:00,209638.98,Mobile,ATM_Withdrawal,Wema,Other,40+,8,3,11,False,False,1,11883.08,39807.215,27924.135,99,154039.7982,226595.6037,6,1,0.07714242,0.676767677,1,ROBBERY,0.866025404,-0.5,0.433883739,-0.900968868,-0.5,0.866025404,12.25314696,0,0.07714242,0.132291375,0.04215597
TXN_A2A872F4A49D,CUST_0C3127FC,2023-11-05 15:08:00,169849.18,IB,Transfer,Access,Other,20-29,15,6,11,True,True,2,217142.08,132570.7033,60459.14302,99,143714.6705,161546.5319,6,1,1.181841753,0.727272727,0,,-0.707106781,-0.707106781,-0.781831482,0.623489802,-0.5,0.866025404,12.04267203,0,3.021828855,0.294540894,0.129861178
TXN_27049B81C358,CUST_9F952574,2023-11-14 16:17:00,253709.74,Mobile,Fuel,Zenith,Other,40+,16,1,11,False,True,1,23535.95,31640.44,8104.49,100,115366.5974,142070.1665,6,1,0.204008322,0.71,1,SOCIAL_ENGINEERING,-0.866025404,-0.5,0.781831482,0.623489802,-0.5,0.866025404,12.44395008,0,0.204008322,0.202718491,0.067343814
TXN_7517BA7230BB,CUST_7CF36A27,2023-12-05 15:35:00,16865.04,POS,Fuel,Access,Other,30-39,15,1,12,False,True,2,187945.14,57175.276,60833.38937,107,155070.5018,250237.8957,6,1,0.10875654,0.672897196,0,,-0.707106781,-0.707106781,0.781831482,0.623489802,-2.45e-16,1.0,9.733057412,0,2.423980394,0.202718491,0.068926204
TXN_F5CE1A7935B6,CUST_7B8F9E5A,2023-11-23 22:43:00,301598.12,POS,Airtime,Wema,Other,40+,22,3,11,False,False,1,27015.5,69370.72667,61371.66659,108,169030.3602,294682.1203,6,1,0.159825372,0.712962963,1,PHISHING,-0.5,0.866025404,0.433883739,-0.900968868,-0.5,0.866025404,12.616854,0,0.159825372,0.490394602,0.152232793
TXN_6F23BEBDB8EB,CUST_4C6286A7,2023-11-05 16:07:00,115539.7,Web,Restaurant,GTBank,Lagos,40+,16,6,11,True,True,1,131035.14,218189.99,190664.7291,108,203110.5796,342662.9781,6,1,0.645138698,0.694444444,1,SOCIAL_ENGINEERING,-0.866025404,-0.5,-0.781831482,0.623489802,-0.5,0.866025404,11.65737813,0,0.645138698,0.608492831,0.203192288
TXN_5E8F4C1CA6EA,CUST_E30F3D67,2023-11-26 22:18:00,335423.15,Mobile,Medical,Wema,Lagos,30-39,22,6,11,True,False,1,406201.37,406201.37,0.0,105,148206.0065,287385.3505,6,1,2.740770357,0.752380952,1,ROBBERY,-0.5,0.866025404,-0.781831482,0.623489802,-0.5,0.866025404,12.72315113,0,2.740770357,0.121274285,0.124086937
TXN_D2F64DEAF101,CUST_A24F3E00,2023-11-27 11:44:00,255165.84,POS,Entertainment,Sterling,Lagos,30-39,11,0,11,False,True,2,175755.8,77327.0575,30200.02041,103,173846.5456,298701.3008,5,1,0.285112394,0.737864078,1,CARD_THEFT,0.258819045,-0.965925826,0.0,1.0,-0.5,0.866025404,12.44967288,0,2.021953193,0.877424404,0.2758246
TXN_9E3335726BDE,CUST_2D427383,2023-11-19 08:37:00,212961.2,Mobile,ATM_Withdrawal,UBA,Oyo,20-29,8,6,11,True,False,1,257673.85,203687.2633,114431.2581,98,113416.5635,198558.8757,6,1,2.271904299,0.632653061,1,SOCIAL_ENGINEERING,0.866025404,-0.5,-0.781831482,0.623489802,-0.5,0.866025404,12.26886996,0,2.271904299,0.132291375,0.11238835
TXN_906C1E159FAA,CUST_2107C8C1,2023-12-16 23:54:00,70943.29,POS,Airtime,FirstBank,Ogun,40+,23,5,12,True,False,1,5278.0,123123.97,91778.4991,90,194070.9328,421351.4404,6,1,0.027196102,0.666666667,1,OTHER,-0.258819045,0.965925826,-0.974927912,-0.222520934,-2.45e-16,1.0,11.1696502,0,0.027196102,0.490394602,0.147988656
TXN_F05803943107,CUST_1860DED8,2023-12-18 14:39:00,141203.6,POS,Grocery,Union,Lagos,30-39,14,0,12,False,True,1,18223.23,110055.78,91832.55,96,141644.4275,239890.6564,5,1,0.128653853,0.625,1,OTHER,-0.5,-0.866025404,0.0,1.0,-2.45e-16,1.0,11.85796518,0,0.128653853,0.214999865,0.068616883
TXN_9B66FC1C3E05,CUST_CD93FB1D,2023-12-10 12:02:00,92499.64,Mobile,Electronics,GTBank,Rivers,40+,12,6,12,True,False,1,97218.25,150469.82,144407.671,111,147727.9332,233052.7774,6,1,0.658085372,0.621621622,1,SOCIAL_ENGINEERING,1.22e-16,-1.0,-0.781831482,0.623489802,-2.45e-16,1.0,11.43497084,0,0.658085372,0.369588322,0.131935229
TXN_47ACF172AE04,CUST_FE3C3AE8,2023-11-07 11:29:00,154502.09,Mobile,Fashion,Fidelity,Other,<20,11,1,11,False,True,2,171567.32,63566.82,32790.94233,106,161752.6332,328358.3316,6,1,0.459278525,0.783018868,1,CARD_THEFT,0.258819045,-0.965925826,0.781831482,0.623489802,-0.5,0.866025404,11.94796938,0,2.121341161,0.542436434,0.180751968
TXN_B24795D470EE,CUST_95B4DB90,2023-12-11 08:12:00,39480.36,Web,Retail,Fidelity,Lagos,40+,8,0,12,False,False,1,151129.62,309825.5333,161744.6472,99,149899.8895,180531.5117,6,1,1.008196953,0.636363636,1,SOCIAL_ENGINEERING,0.866025404,-0.5,0.0,1.0,-2.45e-16,1.0,10.58358394,0,1.008196953,0.180890699,0.086529512
TXN_754E6D2D0C49,CUST_212A737F,2023-11-16 12:04:00,30460.53,Mobile,Medical,Zenith,Abuja,40+,12,3,11,False,False,1,30460.53,315434.06,284973.53,114,247164.7298,838319.5706,5,1,0.123239294,0.710526316,0,,1.22e-16,-1.0,0.433883739,-0.900968868,-0.5,0.866025404,10.32421985,0,0.123239294,0.121274285,0.040325943
TXN_DFA05FCA19A7,CUST_14917B68,2023-12-31 11:06:00,123843.92,Mobile,Bill_Payment,FCMB,Lagos,20-29,11,6,12,True,True,3,998657.04,331170.798,265111.2751,108,157909.659,188554.3614,6,1,4.977293522,0.75,1,SOCIAL_ENGINEERING,0.258819045,-0.965925826,-0.781831482,0.623489802,-2.45e-16,1.0,11.72678542,0,18.97257056,0.829641092,0.436156275
TXN_7C2B2B2ECFFE,CUST_68F475D9,2023-12-07 14:09:00,26859.61,POS,Fashion,Access,Other,40+,14,3,12,False,True,1,26859.61,99103.7,104126.5325,102,142980.8575,182886.9651,6,1,0.187853274,0.656862745,0,,-0.5,-0.866025404,0.433883739,-0.900968868,-2.45e-16,1.0,10.19841618,0,0.187853274,0.542436434,0.168742235
TXN_292E1EB8FA05,CUST_B026E92E,2023-11-13 15:28:00,66255.83,Mobile,Education,Sterling,Other,40+,15,0,11,False,True,1,10697.96,21625.04333,15837.3856,111,157065.9681,287327.3678,6,1,0.06811082,0.747747748,1,SOCIAL_ENGINEERING,-0.707106781,-0.707106781,0.0,1.0,-0.5,0.866025404,11.10129383,0,0.06811082,0.231290726,0.071566764
TXN_833F6466443C,CUST_C8FE0198,2023-12-31 13:32:00,681773.75,POS,Fashion,Access,Ogun,30-39,13,6,12,True,False,1,53507.54,309705.505,256197.965,109,143301.6716,212542.5419,6,1,0.373388294,0.697247706,1,SOCIAL_ENGINEERING,-0.258819045,-0.965925826,-0.781831482,0.623489802,-2.45e-16,1.0,13.4324546,0,0.373388294,0.542436434,0.174679356
TXN_B4DD6CB98611,CUST_5E07A366,2023-11-06 10:28:00,309364.66,Mobile,Entertainment,Wema,Lagos,40+,10,0,11,False,True,1,309364.66,215576.1433,110285.701,102,189015.2517,303617.6298,6,1,1.636709316,0.68627451,0,,0.5,-0.866025404,0.0,1.0,-0.5,0.866025404,12.64227922,0,1.636709316,0.877424404,0.315602019
TXN_773F1444E564,CUST_E0D8C9EE,2023-11-20 14:36:00,67335.25,Mobile,Retail,UBA,Lagos,40+,14,0,11,False,True,1,21785.67,48743.645,26957.975,84,214924.5429,587805.96,6,1,0.101363801,0.702380952,1,CARD_THEFT,-0.5,-0.866025404,0.0,1.0,-0.5,0.866025404,11.117454,0,0.101363801,0.180890699,0.057510851
TXN_79B85C309AAD,CUST_7645FD0C,2023-11-09 22:13:00,83461.02,Mobile,Fuel,GTBank,Lagos,30-39,22,3,11,False,False,1,99498.54,102319.435,82532.27491,96,211640.911,525721.5254,6,1,0.470126827,0.78125,1,SOCIAL_ENGINEERING,-0.5,0.866025404,0.433883739,-0.900968868,-0.5,0.866025404,11.33214696,0,0.470126827,0.202718491,0.075859606
TXN_C905951E6678,CUST_DDDAFE7B,2023-11-30 08:33:00,544960.4,IB,Retail,FirstBank,Lagos,20-29,8,3,11,False,False,1,544960.4,544960.4,0.0,109,162590.7232,232909.5265,5,1,3.351710587,0.688073394,0,,0.866025404,-0.5,0.433883739,-0.900968868,-0.5,0.866025404,13.20847025,0,3.351710587,0.180890699,0.161521949
TXN_FA4300C857E9,CUST_163AF54C,2023-11-28 10:17:00,12817.06,Mobile,Retail,Union,Lagos,20-29,10,1,11,False,True,1,12817.06,148704.635,135887.575,123,160423.6771,370490.8766,5,1,0.079894566,0.74796748,0,,0.5,-0.866025404,0.781831482,0.623489802,-0.5,0.866025404,9.458610393,0,0.079894566,0.180890699,0.056823836
TXN_92B8D140F973,CUST_66255B63,2023-12-07 19:39:00,328391.99,POS,Bill_Payment,GTBank,Lagos,40+,19,3,12,False,False,1,770065.48,241954.364,272733.6193,116,153206.7136,237177.743,5,1,5.026284002,0.75,1,ROBBERY,-0.965925826,0.258819045,0.433883739,-0.900968868,-2.45e-16,1.0,12.70196631,0,5.026284002,0.829641092,0.409733416
TXN_5507A5A24C92,CUST_2E7FDBF3,2023-11-09 10:34:00,1680498.78,POS,Entertainment,Fidelity,Lagos,30-39,10,3,11,False,True,2,142172.89,154689.908,135671.7501,90,97515.85822,115274.5601,6,1,1.067881409,0.7,1,SOCIAL_ENGINEERING,0.5,-0.866025404,0.433883739,-0.900968868,-0.5,0.866025404,14.3346018,0,2.915862808,0.877424404,0.301095489
TXN_39DBC36E2885,CUST_645B7B05,2023-11-24 10:08:00,75736.94,Mobile,Airtime,FCMB,Abuja,40+,10,4,11,False,True,1,119749.44,355126.7867,356851.1424,96,137140.2517,187468.2611,5,1,0.873183222,0.75,1,CARD_THEFT,0.5,-0.866025404,-0.433883739,-0.900968868,-0.5,0.866025404,11.2350345,0,0.873183222,0.490394602,0.175060244
TXN_2793328A3741,CUST_608D551B,2023-12-19 15:29:00,105135.68,Web,Fashion,Sterling,Lagos,20-29,15,1,12,False,True,1,74937.14,150012.435,75075.295,103,199055.5061,430073.48,6,1,0.376461646,0.757281553,1,ROBBERY,-0.707106781,-0.707106781,0.781831482,0.623489802,-2.45e-16,1.0,11.5630165,0,0.376461646,0.542436434,0.174777703
TXN_53A43053E1D1,CUST_0735F495,2023-11-30 14:33:00,424595.06,POS,Electronics,Wema,Abuja,30-39,14,3,11,False,True,1,424595.06,224116.285,200478.775,115,164166.4255,395175.6039,6,1,2.586353893,0.686956522,0,,-0.5,-0.866025404,0.433883739,-0.900968868,-0.5,0.866025404,12.95889355,0,2.586353893,0.369588322,0.193639821
TXN_D4CCEAEB2DB4,CUST_08088BDB,2023-11-14 14:46:00,419678.51,POS,Electronics,Union,Other,40+,14,1,11,False,True,1,6379.84,6379.84,0.0,87,122924.6682,231635.0436,6,1,0.051899982,0.67816092,1,SOCIAL_ENGINEERING,-0.5,-0.866025404,0.781831482,0.623489802,-0.5,0.866025404,12.94724663,0,0.051899982,0.369588322,0.112537296
TXN_59CE155DCE98,CUST_FDFD66FB,2023-12-29 09:48:00,110858.75,Web,ATM_Withdrawal,Zenith,Ogun,20-29,9,4,12,False,False,1,83457.32,101981.218,88136.90125,95,125488.73,163389.5488,6,1,0.665052989,0.694736842,1,PIN_COMPROMISE,0.707106781,-0.707106781,-0.433883739,-0.900968868,-2.45e-16,1.0,11.61602117,0,0.665052989,0.132291375,0.060969108
TXN_4072F1FA77A2,CUST_607DB0E8,2023-11-03 15:07:00,96155.93,ECOM,Restaurant,GTBank,Other,20-29,15,4,11,False,True,1,96155.93,96155.93,0.0,87,110535.0686,154301.0906,6,1,0.869905463,0.747126437,0,,-0.707106781,-0.707106781,-0.433883739,-0.900968868,-0.5,0.866025404,11.47373682,0,0.869905463,0.608492831,0.210384824
TXN_C19CF101E174,CUST_32DAFE23,2023-11-16 19:19:00,191355.15,POS,Transport,Zenith,Lagos,30-39,19,3,11,False,False,1,3408.25,74881.94286,76948.40527,105,119724.287,289493.2529,6,1,0.028467253,0.714285714,1,SOCIAL_ENGINEERING,-0.965925826,0.258819045,0.433883739,-0.900968868,-0.5,0.866025404,12.16189163,0,0.028467253,0.440230432,0.132980082
TXN_5BBD5CEBC938,CUST_E597E717,2023-12-05 13:46:00,233901.39,Web,Transfer,FirstBank,Rivers,40+,13,1,12,False,False,1,235157.53,235157.53,0.0,112,184025.2851,583060.9427,6,1,1.277847509,0.714285714,1,PHISHING,-0.258819045,-0.965925826,0.781831482,0.623489802,-2.45e-16,1.0,12.36265917,0,1.277847509,0.294540894,0.129253388
TXN_03362525AFFD,CUST_0C5E6A52,2023-12-17 17:09:00,470002.4,Mobile,Retail,Union,Rivers,<20,17,6,12,True,False,1,10394.58,253111.246,197589.5252,113,109207.3263,139445.3666,6,1,0.095181204,0.663716814,1,SOCIAL_ENGINEERING,-0.965925826,-0.258819045,-0.781831482,0.623489802,-2.45e-16,1.0,13.06049521,0,0.095181204,0.180890699,0.057313008
TXN_CACB61BB8F63,CUST_702F5CD2,2023-12-29 16:08:00,111447.23,Mobile,ATM_Withdrawal,Fidelity,Lagos,40+,16,4,12,False,True,1,20636.96,20636.96,0.0,93,169436.6982,461790.2243,6,1,0.121796744,0.731182796,1,SOCIAL_ENGINEERING,-0.866025404,-0.5,-0.433883739,-0.900968868,-2.45e-16,1.0,11.62131546,0,0.121796744,0.132291375,0.043584908
TXN_9539C854F37E,CUST_1D0F04E5,2023-11-12 17:24:00,591440.62,Mobile,Fuel,Union,Other,20-29,17,6,11,True,False,1,147398.32,94039.67,53358.65,109,174687.7096,365918.433,6,1,0.843777027,0.660550459,1,SOCIAL_ENGINEERING,-0.965925826,-0.258819045,-0.781831482,0.623489802,-0.5,0.866025404,13.29031826,0,0.843777027,0.202718491,0.087816412
TXN_7A9DA6242473,CUST_68186B02,2023-11-01 07:28:00,39880.05,Web,Education,Sterling,Other,20-29,7,2,11,False,False,1,39880.05,39880.05,0.0,93,116459.2184,134349.9729,6,1,0.342434958,0.76344086,0,,0.965925826,-0.258819045,0.974927912,-0.222520934,-0.5,0.866025404,10.59365655,0,0.342434958,0.231290726,0.080345136
TXN_CF14B9591DC5,CUST_2E08CC19,2023-11-16 09:27:00,49968.92,Mobile,Retail,Union,Lagos,30-39,9,3,11,False,False,3,154623.01,51696.475,32004.67039,100,144794.2067,262684.5334,6,1,0.34510065,0.72,0,,0.707106781,-0.707106781,0.433883739,-0.900968868,-0.5,0.866025404,10.8191765,0,3.20362145,0.180890699,0.071027472
TXN_664D8250FA4F,CUST_946434F5,2023-11-26 08:11:00,63615.47,POS,Fashion,Fidelity,Other,40+,8,6,11,True,False,1,63615.47,47678.765,15936.705,105,147914.1149,182311.3381,6,1,0.430080929,0.761904762,0,,0.866025404,-0.5,-0.781831482,0.623489802,-0.5,0.866025404,11.06062768,0,0.430080929,0.542436434,0.17649352
TXN_8807E8DBB9A2,CUST_A6536B3B,2023-12-25 08:08:00,278233.49,POS,Electronics,UBA,Oyo,20-29,8,0,12,False,False,1,5608.37,82089.47667,92293.85503,93,125514.2819,180207.1712,6,1,0.044682766,0.655913978,1,SOCIAL_ENGINEERING,0.866025404,-0.5,0.0,1.0,-2.45e-16,1.0,12.53621953,0,0.044682766,0.369588322,0.112306345
TXN_91DEAF66AA9F,CUST_52190C43,2023-12-22 16:44:00,53601.66,ECOM,Electronics,Wema,Lagos,30-39,16,4,12,False,True,1,53601.66,32832.425,17329.44456,93,155094.8982,325409.0951,6,1,0.345603337,0.64516129,0,,-0.866025404,-0.5,-0.433883739,-0.900968868,-2.45e-16,1.0,10.88935397,0,0.345603337,0.369588322,0.121935803
TXN_1D6CDC547828,CUST_DAAB932F,2023-12-13 22:52:00,315848.86,Web,Medical,Fidelity,Other,20-29,22,2,12,False,False,1,53839.41,53839.41,0.0,106,145946.8602,246690.7955,6,1,0.368894823,0.688679245,1,ROBBERY,-0.5,0.866025404,0.974927912,-0.222520934,-2.45e-16,1.0,12.66302225,0,0.368894823,0.121274285,0.04818692
TXN_C422A92C2E07,CUST_6D2F47F6,2023-12-14 15:40:00,260665.7,Mobile,Electronics,Sterling,Other,40+,15,3,12,False,True,1,260665.7,379998.0533,223398.5619,100,307665.1355,1092883.075,6,1,0.847235591,0.68,0,,-0.707106781,-0.707106781,0.433883739,-0.900968868,-2.45e-16,1.0,12.47099786,0,0.847235591,0.369588322,0.137988035
TXN_6573C24D4EB3,CUST_9CFC9372,2023-12-08 17:17:00,137158.96,Web,Transfer,Zenith,Lagos,40+,17,4,12,False,False,1,137158.96,67052.60667,50047.01384,98,164722.5961,394769.8334,6,1,0.832661278,0.693877551,0,,-0.965925826,-0.258819045,-0.433883739,-0.900968868,-2.45e-16,1.0,11.82890311,0,0.832661278,0.294540894,0.115007429
TXN_EA9901039D2C,CUST_83ACFF68,2023-12-25 08:36:00,41521.94,Mobile,ATM_Withdrawal,FCMB,Other,20-29,8,0,12,False,False,1,41521.94,83245.13333,85973.99415,102,139337.7191,247617.3265,6,1,0.297992835,0.735294118,0,,0.866025404,-0.5,0.0,1.0,-2.45e-16,1.0,10.63400132,0,0.297992835,0.132291375,0.049223183
TXN_E20F31D4B84D,CUST_B4358FEA,2023-12-22 02:50:00,64195.82,Mobile,Retail,Zenith,Other,30-39,2,4,12,False,False,3,61946.11,148345.736,231183.2946,84,145994.4543,191050.811,6,1,0.187390081,0.702380952,1,SOCIAL_ENGINEERING,0.5,0.866025404,-0.433883739,-0.900968868,-2.45e-16,1.0,11.06970896,0,1.272904906,0.180890699,0.062434722
TXN_2536D02EFF32,CUST_990627DA,2023-11-17 04:38:00,266851.42,Mobile,Electronics,UBA,Lagos,30-39,4,4,11,False,False,1,31370.42,52880.03,52733.5226,103,137922.3935,192398.902,6,1,0.227448145,0.660194175,1,SOCIAL_ENGINEERING,0.866025404,0.5,-0.433883739,-0.900968868,-0.5,0.866025404,12.49445105,0,0.227448145,0.369588322,0.118154837
TXN_AF86FC042D0E,CUST_9F0D9FF8,2023-11-09 11:22:00,396839.47,POS,Grocery,Wema,Other,20-29,11,3,11,False,True,2,59116.67,35861.935,36138.99503,89,150976.3263,312938.1091,6,1,0.187726268,0.550561798,1,SOCIAL_ENGINEERING,0.258819045,-0.965925826,0.433883739,-0.900968868,-0.5,0.866025404,12.89128964,0,0.783119843,0.214999865,0.071697987
TXN_E4A0319C81B4,CUST_E378325E,2023-11-08 10:17:00,173764.96,Mobile,Fashion,Access,Other,30-39,10,2,11,False,True,1,110079.34,45441.034,38802.9899,110,166386.0676,424381.7505,6,1,0.661585913,0.718181818,1,SOCIAL_ENGINEERING,0.5,-0.866025404,0.974927912,-0.222520934,-0.5,0.866025404,12.06546462,0,0.661585913,0.542436434,0.183901679
TXN_AF029FB60DC7,CUST_94A51215,2023-11-13 11:20:00,48635.93,ECOM,Restaurant,Sterling,Abuja,40+,11,0,11,False,True,1,48635.93,48635.93,0.0,96,136443.1877,251913.1093,6,1,0.356452926,0.729166667,0,,0.258819045,-0.965925826,0.0,1.0,-0.5,0.866025404,10.7921384,0,0.356452926,0.608492831,0.193954343
TXN_163E6B14BC38,CUST_C35199EC,2023-11-11 10:40:00,383871.85,Mobile,Medical,FirstBank,Lagos,40+,10,5,11,True,True,1,53831.93,52127.31667,18732.41875,108,143366.9942,230754.5315,5,1,0.375480806,0.564814815,1,SOCIAL_ENGINEERING,0.5,-0.866025404,-0.974927912,-0.222520934,-0.5,0.866025404,12.85806666,0,0.375480806,0.121274285,0.048397671
TXN_95E48C1B4AB0,CUST_5467DADC,2023-11-26 16:30:00,202145.06,Web,Transport,Union,Lagos,30-39,16,6,11,True,True,1,202145.06,456317.5133,475797.592,104,138360.1748,208228.7317,6,1,1.460995545,0.692307692,0,,-0.866025404,-0.5,-0.781831482,0.623489802,-0.5,0.866025404,12.21674578,0,1.460995545,0.440230432,0.178820987
TXN_FDD603A53D1B,CUST_DC5DDB8D,2023-12-30 11:39:00,42809.51,Mobile,Electronics,Wema,Lagos,30-39,11,5,12,True,True,1,42809.51,107031.2033,106752.7647,107,146920.8247,173231.0833,6,1,0.291376112,0.607476636,0,,0.258819045,-0.965925826,-0.974927912,-0.222520934,-2.45e-16,1.0,10.66453891,0,0.291376112,0.369588322,0.120200532
TXN_0991D9BF3171,CUST_E6E26103,2023-11-07 16:09:00,264542.66,Mobile,Grocery,Fidelity,Other,20-29,16,1,11,False,True,1,478725.3,196373.975,187241.5027,117,137684.6969,201809.9221,6,1,3.476942854,0.700854701,1,SOCIAL_ENGINEERING,-0.866025404,-0.5,0.781831482,0.623489802,-0.5,0.866025404,12.48576158,0,3.476942854,0.214999865,0.175762131
TXN_3AC839A980E5,CUST_0C5F0D87,2023-11-16 00:22:00,21527.73,Web,Grocery,Union,Other,20-29,0,3,11,False,False,1,21527.73,221128.19,199600.46,100,105019.6642,141477.6262,6,1,0.204985658,0.72,0,,0.0,1.0,0.433883739,-0.900968868,-0.5,0.866025404,9.977143601,0,0.204985658,0.214999865,0.0710595
TXN_0F5284318625,CUST_D1A702D5,2023-12-14 06:06:00,67736.94,Web,Medical,Zenith,Rivers,40+,6,3,12,False,False,1,85386.89,103240.708,84554.73787,123,138206.019,222018.0845,6,1,0.617818766,0.691056911,1,ROBBERY,1.0,6.12e-17,0.433883739,-0.900968868,-2.45e-16,1.0,11.12340172,0,0.617818766,0.121274285,0.056152486
TXN_2E570489C60A,CUST_9684DDCB,2023-11-19 13:54:00,1899307.55,POS,Transport,FCMB,Other,30-39,13,6,11,True,False,1,9980.28,176582.2567,229519.7802,91,149358.076,307142.7777,5,1,0.066820713,0.736263736,1,SOCIAL_ENGINEERING,-0.258819045,-0.965925826,-0.781831482,0.623489802,-0.5,0.866025404,14.45700046,0,0.066820713,0.440230432,0.134207392
TXN_01CC682ED11D,CUST_75F015F0,2023-11-17 15:14:00,151275.07,Mobile,Grocery,Access,Lagos,20-29,15,4,11,False,True,1,548661.69,229580.1,211773.0521,103,168608.7275,325183.7525,6,1,3.254033431,0.689320388,1,ROBBERY,-0.707106781,-0.707106781,-0.433883739,-0.900968868,-0.5,0.866025404,11.92686172,0,3.254033431,0.214999865,0.168629029
TXN_86A985A59BE4,CUST_1E5141B7,2023-12-12 16:05:00,87165.75,Mobile,Education,Sterling,Lagos,30-39,16,1,12,False,True,1,275930.3,80703.02167,91575.18214,97,112728.7285,165847.2039,6,1,2.447715468,0.711340206,1,OTHER,-0.866025404,-0.5,0.781831482,0.623489802,-2.45e-16,1.0,11.37557823,0,2.447715468,0.231290726,0.147714113
TXN_9A3EA495E0E7,CUST_A6B2D179,2023-12-03 09:15:00,152591.86,Mobile,Fashion,GTBank,Lagos,20-29,9,6,12,True,False,1,210089.69,94754.85,81598.3421,118,151124.7731,248836.2851,6,1,1.390164534,0.711864407,1,ROBBERY,0.707106781,-0.707106781,-0.781831482,0.623489802,-2.45e-16,1.0,11.93552861,0,1.390164534,0.542436434,0.207216195
TXN_9B7641F5FC6A,CUST_0BEE249B,2023-12-12 14:45:00,64832.97,Mobile,Grocery,Sterling,Lagos,30-39,14,1,12,False,True,1,64832.97,189372.625,124539.655,114,123845.8075,165193.5642,6,1,0.523493268,0.701754386,0,,-0.5,-0.866025404,0.781831482,0.623489802,-2.45e-16,1.0,11.07958497,0,0.523493268,0.214999865,0.081251744
TXN_8E99A11C8803,CUST_8E30D053,2023-12-16 13:04:00,169222.23,Web,Retail,GTBank,Other,40+,13,5,12,True,False,2,342648.2,416851.2125,486665.2853,93,139846.7054,263864.4202,6,1,2.371098468,0.677419355,1,SOCIAL_ENGINEERING,-0.258819045,-0.965925826,-0.974927912,-0.222520934,-2.45e-16,1.0,12.03897401,0,4.900304929,0.180890699,0.135200774
TXN_173634112A11,CUST_EF19AA39,2023-12-29 03:36:00,36523.36,Mobile,Transport,FCMB,Lagos,20-29,3,4,12,False,False,2,105959.85,52979.925,38428.045,104,158724.8233,229391.4016,6,1,0.57588594,0.634615385,1,SOCIAL_ENGINEERING,0.707106781,0.707106781,-0.433883739,-0.900968868,-2.45e-16,1.0,10.50573471,0,1.335130577,0.440230432,0.152015969
TXN_D2D5CD308F44,CUST_C6ED1F10,2023-11-25 14:18:00,829732.86,IB,ATM_Withdrawal,FCMB,Lagos,30-39,14,5,11,True,True,1,139960.63,139960.63,0.0,83,148566.9483,188154.8406,5,1,0.94206477,0.674698795,1,SOCIAL_ENGINEERING,-0.5,-0.866025404,-0.974927912,-0.222520934,-0.5,0.866025404,13.62886028,0,0.94206477,0.132291375,0.069833485
TXN_350D2C02627E,CUST_501047FE,2023-11-13 12:27:00,236420.98,Web,Transfer,Access,Lagos,40+,12,0,11,False,False,1,288085.08,336124.4367,116255.8218,92,232405.5776,590592.1166,6,1,1.239573694,0.793478261,1,SOCIAL_ENGINEERING,1.22e-16,-1.0,0.0,1.0,-0.5,0.866025404,12.37337354,0,1.239573694,0.294540894,0.128028626
TXN_4C8711145831,CUST_25BC4C52,2023-11-11 10:59:00,156389.12,Mobile,Fashion,Wema,Other,40+,10,5,11,True,True,1,44330.82,111578.72,48814.78781,104,143038.9595,196480.6861,6,1,0.309919131,0.759615385,1,SOCIAL_ENGINEERING,0.5,-0.866025404,-0.974927912,-0.222520934,-0.5,0.866025404,11.96010893,0,0.309919131,0.542436434,0.172648342
TXN_E21FD33608AE,CUST_097E4731,2023-11-28 16:00:00,59963.29,POS,Fuel,Union,Rivers,20-29,16,1,11,False,True,1,59963.29,79785.18333,66715.58087,109,130619.7199,171982.1067,6,1,0.459064152,0.669724771,0,,-0.866025404,-0.5,0.781831482,0.623489802,-0.5,0.866025404,11.0015045,0,0.459064152,0.202718491,0.0755056
TXN_F6B89CAE1B33,CUST_00914349,2023-12-21 14:32:00,126518.08,Mobile,Bill_Payment,UBA,Lagos,40+,14,3,12,False,True,1,52757.22,85235.345,86430.62834,114,118024.2865,161239.0087,6,1,0.446999296,0.692982456,1,SOCIAL_ENGINEERING,-0.5,-0.866025404,0.433883739,-0.900968868,-2.45e-16,1.0,11.74814841,0,0.446999296,0.829641092,0.263196305
TXN_ED3AA7A75844,CUST_9DD78B16,2023-11-10 16:45:00,210060.6,Web,ATM_Withdrawal,UBA,Other,40+,16,4,11,False,True,3,405303.59,127279.125,63074.83581,95,136830.4758,173362.1397,6,1,1.535177479,0.736842105,0,,-0.866025404,-0.5,-0.433883739,-0.900968868,-0.5,0.866025404,12.2551561,0,8.886192033,0.132291375,0.103515121
TXN_56CB8F2474F0,CUST_291063D4,2023-11-30 02:05:00,11790.82,Mobile,Education,Zenith,Other,40+,2,3,11,False,False,2,246014.49,79633.09,80026.88066,115,169199.0096,280432.6486,6,1,0.069685693,0.608695652,0,,0.5,0.866025404,0.433883739,-0.900968868,-0.5,0.866025404,9.37516135,0,2.907972531,0.231290726,0.077293734
TXN_F99D92DCD4F4,CUST_216160FA,2023-12-21 16:27:00,71217.09,Mobile,ATM_Withdrawal,UBA,Ogun,30-39,16,3,12,False,True,1,27542.53,27542.53,0.0,109,168012.8105,367093.245,6,1,0.163930155,0.697247706,1,SOCIAL_ENGINEERING,-0.866025404,-0.5,0.433883739,-0.900968868,-2.45e-16,1.0,11.17350214,0,0.163930155,0.132291375,0.044933177
TXN_7416C07E871F,CUST_71197EE6,2023-11-08 14:04:00,188777.41,POS,Transfer,Zenith,Lagos,20-29,14,2,11,False,True,2,237296.86,111003.8367,58271.73848,84,132791.3913,340958.4452,6,1,1.421598091,0.666666667,0,,-0.5,-0.866025404,0.974927912,-0.222520934,-0.5,0.866025404,12.14832917,0,3.573952659,0.294540894,0.138158116
TXN_5D680E9ADC78,CUST_3F8F94FC,2023-11-24 11:01:00,582941.41,POS,Medical,FCMB,Lagos,20-29,11,4,11,False,True,1,10688.92,145930.34,135241.42,96,177954.1277,415571.0027,6,1,0.060065254,0.75,1,SOCIAL_ENGINEERING,0.258819045,-0.965925826,-0.433883739,-0.900968868,-0.5,0.866025404,13.27584368,0,0.060065254,0.121274285,0.038304374
TXN_8BD076993184,CUST_97DFCF30,2023-12-09 14:21:00,80747.5,Web,Airtime,FirstBank,Lagos,40+,14,5,12,True,True,1,79413.28,74920.09714,57336.76695,109,122563.8832,195992.4053,6,1,0.647928492,0.706422018,1,ROBBERY,-0.5,-0.866025404,-0.974927912,-0.222520934,-2.45e-16,1.0,11.29909467,0,0.647928492,0.490394602,0.167852092
TXN_4D47319F5CBE,CUST_1A304F8F,2023-11-14 16:52:00,253114.93,Mobile,Retail,Sterling,Lagos,20-29,16,1,11,False,True,3,1076955.65,212245.445,239833.3421,107,161568.353,243780.7563,6,1,4.019337071,0.710280374,1,ROBBERY,-0.866025404,-0.5,0.781831482,0.623489802,-0.5,0.866025404,12.44160288,0,19.99678089,0.180890699,0.214840884
TXN_1240A521EC6F,CUST_37FF5A76,2023-12-03 23:33:00,47755.68,IB,Transfer,GTBank,Other,40+,23,6,12,True,False,1,47755.68,36114.37,11641.31,91,137956.1576,196925.2576,6,1,0.346163119,0.659340659,0,,-0.258819045,0.965925826,-0.781831482,0.623489802,-2.45e-16,1.0,10.77387423,0,0.346163119,0.294540894,0.099439488
TXN_0CD030C0D8E7,CUST_CAD08797,2023-11-13 00:16:00,705404.16,Web,Medical,Zenith,Lagos,30-39,0,0,11,False,False,1,129900.66,57048.415,48244.44182,106,123576.1224,171563.6741,6,1,1.051170779,0.688679245,1,CARD_THEFT,0.0,1.0,0.0,1.0,-0.5,0.866025404,13.46652761,0,1.051170779,0.121274285,0.07001975
TXN_38AC08056A8D,CUST_C9D50222,2023-12-13 11:03:00,28763.02,Mobile,Electronics,Zenith,Lagos,30-39,11,2,12,False,True,2,843367.51,219463.43,253671.4404,91,134948.4255,177813.7203,6,1,0.213139255,0.714285714,0,,0.258819045,-0.965925826,0.974927912,-0.222520934,-2.45e-16,1.0,10.26688058,0,12.49901594,0.369588322,0.142268706
TXN_4C5EA520218B,CUST_4E15B5BB,2023-12-26 12:25:00,73624.98,Mobile,Fashion,GTBank,Lagos,40+,12,1,12,False,False,1,73624.98,215407.985,141783.005,87,187484.3047,313756.3585,6,1,0.392697338,0.655172414,0,,1.22e-16,-1.0,0.781831482,0.623489802,-2.45e-16,1.0,11.20675323,0,0.392697338,0.542436434,0.175297245
TXN_D0DB9896DD1F,CUST_F2B7E096,2023-11-15 14:02:00,19641.05,Mobile,Fashion,Access,Lagos,20-29,14,2,11,False,True,1,19641.05,246198.778,287190.7145,111,181216.0256,287983.594,6,1,0.108384132,0.630630631,0,,-0.5,-0.866025404,0.974927912,-0.222520934,-0.5,0.866025404,9.885427955,0,0.108384132,0.542436434,0.166199223
TXN_56D2F5831A87,CUST_10C87ABF,2023-11-07 17:50:00,93405.84,Mobile,Transport,Wema,Lagos,20-29,17,1,11,False,False,2,117050.62,47327.44333,32586.58238,92,132280.5236,234179.215,6,1,0.706114032,0.72826087,0,,-0.965925826,-0.258819045,0.781831482,0.623489802,-0.5,0.866025404,11.44471985,0,1.769719865,0.440230432,0.15679199
TXN_BE0118103F7D,CUST_4733E7D2,2023-12-22 16:34:00,197293.0,Web,Fuel,Wema,Other,40+,16,4,12,False,True,1,33186.72,39123.84,5937.12,103,140071.4181,245596.362,6,1,0.236925445,0.689320388,1,SOCIAL_ENGINEERING,-0.866025404,-0.5,-0.433883739,-0.900968868,-2.45e-16,1.0,12.19245028,0,0.236925445,0.202718491,0.068397162
TXN_F0BE127BAC46,CUST_030961F0,2023-11-27 16:47:00,1051685.64,POS,Restaurant,Access,Rivers,30-39,16,0,11,False,True,1,1051685.64,401943.02,461283.3487,113,234302.1112,659380.5051,6,1,4.488568824,0.663716814,0,,-0.866025404,-0.5,0.0,1.0,-0.5,0.866025404,13.86590576,0,4.488568824,0.608492831,0.326182052
TXN_F1ECE6EE228F,CUST_9233CA24,2023-12-06 23:41:00,395533.05,IB,Retail,UBA,Lagos,20-29,23,2,12,False,False,1,395533.05,235200.914,213358.4301,113,121256.9965,137434.2952,6,1,3.261913124,0.699115044,0,,-0.258819045,0.965925826,0.974927912,-0.222520934,-2.45e-16,1.0,12.88799216,0,3.261913124,0.180890699,0.15864843
TXN_3A5CD232482E,CUST_2371C571,2023-11-08 09:37:00,64470.73,Mobile,Transfer,UBA,Lagos,20-29,9,2,11,False,False,1,66581.56,442910.245,376328.685,102,146966.4975,213717.5795,6,1,0.453035951,0.666666667,1,SOCIAL_ENGINEERING,0.707106781,-0.707106781,0.974927912,-0.222520934,-0.5,0.866025404,11.07398211,0,0.453035951,0.294540894,0.102859419
TXN_5D940C80ACA3,CUST_0D5426AD,2023-11-11 16:07:00,161887.0,IB,Education,Zenith,Lagos,40+,16,5,11,True,True,1,161887.0,249472.95,262487.9025,94,115877.6006,185511.7456,6,1,1.397039653,0.670212766,0,,-0.866025404,-0.5,-0.974927912,-0.222520934,-0.5,0.866025404,11.99466002,0,1.397039653,0.231290726,0.114092487
TXN_C2FDEC3CBE3F,CUST_CBD1CA08,2023-11-17 15:43:00,944462.25,Web,Airtime,Zenith,Lagos,30-39,15,4,11,False,True,1,161460.62,104835.4967,41600.53553,105,143613.7755,176436.9284,6,1,1.124261897,0.657142857,1,PIN_COMPROMISE,-0.707106781,-0.707106781,-0.433883739,-0.900968868,-0.5,0.866025404,13.75837206,0,1.124261897,0.490394602,0.183094761
TXN_3330AC463830,CUST_BA5C27C5,2023-12-27 01:49:00,268205.57,POS,Bill_Payment,Fidelity,Lagos,40+,1,2,12,False,False,1,205383.55,251830.55,74239.56723,108,130564.505,322105.9308,6,1,1.573030717,0.722222222,1,SOCIAL_ENGINEERING,0.258819045,0.965925826,0.974927912,-0.222520934,-2.45e-16,1.0,12.49951275,0,1.573030717,0.829641092,0.299229311
TXN_7A0743AB4392,CUST_0B2C628E,2023-11-23 18:13:00,174587.72,ECOM,Retail,Wema,Other,40+,18,3,11,False,False,1,23708.53,28995.225,5286.695,105,153709.0629,374646.7686,5,1,0.154241886,0.647619048,1,SOCIAL_ENGINEERING,-1.0,-1.84e-16,0.433883739,-0.900968868,-0.5,0.866025404,12.07018832,0,0.154241886,0.180890699,0.05920295
TXN_47CAF17627F3,CUST_F44F7780,2023-11-10 07:39:00,188013.53,Mobile,Education,Zenith,Other,20-29,7,4,11,False,False,1,314374.4,164504.57,149869.83,109,132332.6152,296052.0495,6,1,2.375620128,0.706422018,1,OTHER,0.965925826,-0.258819045,-0.433883739,-0.900968868,-0.5,0.866025404,12.14427453,0,2.375620128,0.231290726,0.145407062
TXN_D0454AD8DD77,CUST_46BC51A4,2023-12-08 10:39:00,248024.31,POS,Medical,Union,Lagos,40+,10,4,12,False,True,1,3901.47,58628.58,54727.11,92,161968.9115,279770.2102,6,1,0.024087622,0.72826087,1,OTHER,0.5,-0.866025404,-0.433883739,-0.900968868,-2.45e-16,1.0,12.42128608,0,0.024087622,0.121274285,0.037153089
TXN_1BD794F7C71C,CUST_DDA01AD3,2023-11-09 13:33:00,35864.85,POS,Restaurant,FirstBank,Other,30-39,13,3,11,False,False,1,35864.85,69451.055,33586.205,113,238752.8575,612452.6783,6,1,0.15021684,0.681415929,0,,-0.258819045,-0.965925826,0.433883739,-0.900968868,-0.5,0.866025404,10.48754087,0,0.15021684,0.608492831,0.187354788
TXN_C69473390E87,CUST_D47C19C5,2023-11-19 23:57:00,480484.04,Mobile,Education,Wema,Abuja,20-29,23,6,11,True,False,1,22556.62,232240.1225,352336.4657,99,186102.9941,318985.2548,6,1,0.121204384,0.767676768,1,SOCIAL_ENGINEERING,-0.258819045,0.965925826,-0.781831482,0.623489802,-0.5,0.866025404,13.08255137,0,0.121204384,0.231290726,0.073265758
TXN_10394C7A88A4,CUST_7854EEB9,2023-11-15 10:40:00,128219.93,Web,Grocery,Fidelity,Rivers,40+,10,2,11,False,True,1,50996.66,45973.25,5023.41,91,114428.2069,154206.8573,5,1,0.44566122,0.692307692,1,SOCIAL_ENGINEERING,0.5,-0.866025404,0.974927912,-0.222520934,-0.5,0.866025404,11.76151007,0,0.44566122,0.214999865,0.078761118
TXN_7122DE0B4F66,CUST_9F138061,2023-12-19 07:18:00,219496.47,IB,Bill_Payment,Sterling,Other,40+,7,1,12,False,False,1,219496.47,296103.4233,141712.26,108,143483.6144,211417.7573,6,1,1.52975614,0.657407407,0,,0.965925826,-0.258819045,0.781831482,0.623489802,-2.45e-16,1.0,12.29909599,0,1.52975614,0.829641092,0.297844524
TXN_9C59C5AC07D1,CUST_0A88AC14,2023-12-12 14:58:00,547499.6,Web,Entertainment,Wema,Lagos,20-29,14,1,12,False,True,1,547499.6,318779.79,228719.81,105,123926.3382,186663.3563,6,1,4.417908171,0.695238095,0,,-0.5,-0.866025404,0.781831482,0.623489802,-2.45e-16,1.0,13.21311884,0,4.417908171,0.877424404,0.404600383
TXN_618E608376B5,CUST_62A58906,2023-12-10 13:39:00,146834.07,Web,ATM_Withdrawal,GTBank,Lagos,30-39,13,6,12,True,False,1,80256.94,88219.952,61111.58029,116,138405.1969,217285.0312,6,1,0.579865221,0.655172414,1,SOCIAL_ENGINEERING,-0.258819045,-0.965925826,-0.781831482,0.623489802,-2.45e-16,1.0,11.89706526,0,0.579865221,0.132291375,0.0582431
TXN_30139CF46D28,CUST_E9934187,2023-11-28 18:37:00,106462.64,Web,Fuel,Sterling,Other,40+,18,1,11,False,False,2,63403.22,49767.17333,25822.83443,122,175902.0407,315774.9949,6,1,0.154087103,0.754098361,1,SOCIAL_ENGINEERING,-1.0,-1.84e-16,0.781831482,0.623489802,-0.5,0.866025404,11.5755588,0,0.720888277,0.202718491,0.066879937
TXN_E649CDB12B3D,CUST_85914B78,2023-12-27 12:37:00,34387.51,Mobile,Entertainment,Wema,Other,40+,12,2,12,False,False,1,34387.51,124008.235,89620.725,98,110740.1953,135779.1282,6,1,0.310521391,0.632653061,0,,1.22e-16,-1.0,0.974927912,-0.222520934,-2.45e-16,1.0,10.44547778,0,0.310521391,0.877424404,0.273164006
TXN_61B7031D0D99,CUST_F8A9E7F1,2023-11-04 14:30:00,48432.72,Web,ATM_Withdrawal,Zenith,Other,40+,14,5,11,True,True,2,2049143.86,529343.4375,548898.9675,107,145034.5679,219358.1647,6,1,4.756980441,0.626168224,1,PIN_COMPROMISE,-0.5,-0.866025404,-0.974927912,-0.222520934,-0.5,0.866025404,10.78795154,0,28.25712188,0.132291375,0.23891107
TXN_732E042C6089,CUST_BBBA6740,2023-12-29 15:57:00,94031.78,Mobile,Airtime,Zenith,Other,40+,15,4,12,False,True,1,93128.74,111537.3917,99964.00074,95,134117.2496,196648.124,6,1,0.694377837,0.694736842,1,SOCIAL_ENGINEERING,-0.707106781,-0.707106781,-0.433883739,-0.900968868,-2.45e-16,1.0,11.45139872,0,0.694377837,0.490394602,0.169338471
TXN_26E8062F8D61,CUST_26F1ABF6,2023-11-02 10:02:00,438163.12,Web,Bill_Payment,Sterling,Lagos,20-29,10,3,11,False,True,1,45940.15,45940.15,0.0,112,142274.6168,218995.6304,6,1,0.322895455,0.696428571,1,SOCIAL_ENGINEERING,0.5,-0.866025404,0.433883739,-0.900968868,-0.5,0.866025404,12.99034882,0,0.322895455,0.829641092,0.259224982
TXN_7AD64BF330C3,CUST_92EF71EF,2023-12-28 17:31:00,87177.5,Mobile,Transfer,Access,Other,30-39,17,3,12,False,False,1,87177.5,63638.23,23539.27,100,166308.2187,451830.3137,6,1,0.524189222,0.68,0,,-0.965925826,-0.258819045,0.433883739,-0.900968868,-2.45e-16,1.0,11.37571302,0,0.524189222,0.294540894,0.105136323
TXN_BEED0C776A91,CUST_22782ADE,2023-12-22 16:25:00,755303.45,POS,Fashion,UBA,Other,40+,16,4,12,False,True,1,163084.66,289756.582,191931.893,90,146660.1103,180001.6037,6,1,1.11198299,0.755555556,1,SOCIAL_ENGINEERING,-0.866025404,-0.5,-0.433883739,-0.900968868,-2.45e-16,1.0,13.53487619,0,1.11198299,0.542436434,0.198314386
TXN_DC01712FD9AE,CUST_534D0D43,2023-12-09 15:59:00,368605.26,Web,Transfer,Fidelity,Lagos,20-29,15,5,12,True,True,1,368605.26,185445.615,183159.645,100,118042.2077,172754.0967,6,1,3.122629986,0.7,0,,-0.707106781,-0.707106781,-0.974927912,-0.222520934,-2.45e-16,1.0,12.81748431,0,3.122629986,0.294540894,0.188286428
TXN_9E409FD0FB1E,CUST_7DB3901F,2023-11-04 11:58:00,299048.94,Mobile,Fuel,Access,Abuja,40+,11,5,11,True,True,3,1172246.92,251739.182,417585.5486,90,176114.3878,364460.6917,6,1,6.171286869,0.711111111,1,PIN_COMPROMISE,0.258819045,-0.965925826,-0.974927912,-0.222520934,-0.5,0.866025404,12.60836586,0,19.96839007,0.202718491,0.285890934
TXN_48E8C0314F73,CUST_179379F3,2023-11-11 13:16:00,402615.95,POS,Restaurant,Zenith,Other,30-39,13,5,11,True,False,2,448732.28,129798.455,158748.3093,92,139606.0589,235912.9461,6,1,2.883922583,0.684782609,0,,-0.258819045,-0.965925826,-0.974927912,-0.222520934,-0.5,0.866025404,12.90574089,0,6.428504167,0.608492831,0.281922535
TXN_4050E1E91B4F,CUST_8E179864,2023-11-11 02:31:00,257338.36,Mobile,Bill_Payment,Fidelity,Abuja,30-39,2,5,11,True,False,1,6265.6,43740.91,48099.99697,112,146187.7725,227690.4753,6,1,0.042859653,0.660714286,1,SOCIAL_ENGINEERING,0.5,0.866025404,-0.974927912,-0.222520934,-0.5,0.866025404,12.45815096,0,0.042859653,0.829641092,0.250263837
TXN_DABD4B6EA376,CUST_80688B3F,2023-12-24 21:12:00,100587.22,POS,Fashion,FirstBank,Other,20-29,21,6,12,True,False,2,580618.36,253895.67,152363.2957,103,242438.8529,614440.0994,6,1,0.414895566,0.747572816,0,,-0.707106781,0.707106781,-0.781831482,0.623489802,-2.45e-16,1.0,11.51879043,0,4.78979304,0.542436434,0.184757383
TXN_996177F3E879,CUST_B5F0440B,2023-12-08 12:50:00,161443.32,Mobile,Grocery,Zenith,Other,30-39,12,4,12,False,False,1,161443.32,161443.32,0.0,96,120717.3779,123002.1836,5,1,1.337354948,0.739583333,0,,1.22e-16,-1.0,-0.433883739,-0.900968868,-2.45e-16,1.0,11.99191559,0,1.337354948,0.214999865,0.107295318
TXN_EE0E09F4BA47,CUST_8B70CB33,2023-11-13 06:12:00,279794.82,Web,Electronics,Union,Other,20-29,6,0,11,False,False,1,457711.21,856979.2333,311626.4955,95,216758.2145,752531.8291,5,1,2.111611315,0.652631579,1,SOCIAL_ENGINEERING,1.0,6.12e-17,0.0,1.0,-0.5,0.866025404,12.5418154,0,2.111611315,0.369588322,0.178448059
TXN_5F7468D23028,CUST_6A2F52B6,2023-12-12 15:53:00,11821.29,Mobile,Transport,GTBank,Other,30-39,15,1,12,False,True,1,11821.29,104648.588,129924.4734,99,156352.131,248629.3289,6,1,0.075606353,0.696969697,0,,-0.707106781,-0.707106781,0.781831482,0.623489802,-2.45e-16,1.0,9.377742012,0,0.075606353,0.440230432,0.134488533
TXN_A995835504BB,CUST_79078CBA,2023-11-15 17:39:00,308419.36,Web,Electronics,Access,Other,30-39,17,2,11,False,False,2,177324.48,61290.32667,48591.51957,95,268038.0838,823593.9849,6,1,0.464988121,0.663157895,1,SOCIAL_ENGINEERING,-0.965925826,-0.258819045,0.974927912,-0.222520934,-0.5,0.866025404,12.63921894,0,1.323124057,0.369588322,0.127472388
TXN_40CB2131674A,CUST_2B67EDDD,2023-12-17 10:48:00,189266.27,Mobile,Grocery,FirstBank,Other,40+,10,6,12,True,True,1,86774.9,177954.2567,88451.98364,98,127934.4522,167774.8912,6,1,0.678270944,0.693877551,1,SOCIAL_ENGINEERING,0.5,-0.866025404,-0.781831482,0.623489802,-2.45e-16,1.0,12.15091542,0,0.678270944,0.214999865,0.08620463
TXN_CC7D3668ADD6,CUST_140A4020,2023-12-04 14:33:00,11019.99,POS,Retail,FCMB,Lagos,40+,14,0,12,False,True,1,11019.99,27262.98,16242.99,97,235937.1787,500612.8708,6,1,0.046707108,0.690721649,0,,-0.5,-0.866025404,0.0,1.0,-2.45e-16,1.0,9.307556915,0,0.046707108,0.180890699,0.055761837
TXN_3D53C0FA5D08,CUST_210F00F6,2023-11-27 11:50:00,67095.38,Web,ATM_Withdrawal,UBA,Other,30-39,11,0,11,False,True,3,382162.46,79366.386,64342.45841,109,123216.2336,180829.3449,6,1,0.647772862,0.651376147,1,SOCIAL_ENGINEERING,0.258819045,-0.965925826,0.0,1.0,-0.5,0.866025404,11.11388537,0,9.304602503,0.132291375,0.077729803
TXN_CB73317ED60E,CUST_662C9DFC,2023-12-08 14:28:00,69345.3,POS,Entertainment,Access,Lagos,40+,14,4,12,False,True,1,69345.3,102471.3167,77653.74322,125,161171.1442,272223.3657,6,1,0.430256111,0.784,0,,-0.5,-0.866025404,-0.433883739,-0.900968868,-2.45e-16,1.0,11.14686807,0,0.430256111,0.877424404,0.276995517
TXN_432BBB090F36,CUST_B3C19F8E,2023-11-24 15:10:00,573273.82,Mobile,Education,Zenith,Lagos,20-29,15,4,11,False,True,1,93341.16,61197.67,29654.79137,110,189215.9206,554410.755,6,1,0.493302394,0.718181818,1,SOCIAL_ENGINEERING,-0.707106781,-0.707106781,-0.433883739,-0.900968868,-0.5,0.866025404,13.2591205,0,0.493302394,0.231290726,0.085172894
TXN_0F9FBAD1CFD3,CUST_C377F058,2023-12-23 17:03:00,224819.97,Mobile,Grocery,FirstBank,Other,40+,17,5,12,True,False,2,76509.98,31020.8,11257.84039,109,109269.7261,153160.4636,6,1,0.402751419,0.788990826,1,SOCIAL_ENGINEERING,-0.965925826,-0.258819045,-0.974927912,-0.222520934,-2.45e-16,1.0,12.32305968,0,1.400374698,0.214999865,0.079383251
TXN_D8278C344AE1,CUST_11053AF9,2023-12-05 17:57:00,2066666.14,IB,Fuel,UBA,Lagos,20-29,17,1,12,False,False,1,225764.22,99653.09333,89299.09454,106,148323.7282,305585.9612,6,1,1.522094277,0.764150943,1,SOCIAL_ENGINEERING,-0.965925826,-0.258819045,0.781831482,0.623489802,-2.45e-16,1.0,14.54144779,0,1.522094277,0.202718491,0.109522564
TXN_BEBBDA77A5B7,CUST_F1E9D7BA,2023-11-18 13:24:00,26006.86,Mobile,Retail,FCMB,Other,<20,13,5,11,True,False,1,1468612.64,769003.5,699609.14,109,193548.0254,428392.4408,6,1,7.587806949,0.660550459,1,OTHER,-0.258819045,-0.965925826,-0.974927912,-0.222520934,-0.5,0.866025404,10.16615408,0,7.587806949,0.180890699,0.297077032
TXN_624CAAAD712C,CUST_E8393915,2023-12-07 15:39:00,127380.88,Web,Retail,UBA,Lagos,40+,15,3,12,False,True,1,127380.88,72677.725,54703.155,107,178837.3991,290002.6832,6,1,0.712268062,0.682242991,0,,-0.707106781,-0.707106781,0.433883739,-0.900968868,-2.45e-16,1.0,11.75494478,0,0.712268062,0.180890699,0.077059788
TXN_5E74C59D19B3,CUST_73DF9797,2023-11-04 11:01:00,467990.07,IB,Transfer,Sterling,Abuja,40+,11,5,11,True,True,1,31813.28,31813.28,0.0,91,160238.6019,262829.5759,6,1,0.19853569,0.637362637,1,ROBBERY,0.258819045,-0.965925826,-0.974927912,-0.222520934,-0.5,0.866025404,13.05620449,0,0.19853569,0.294540894,0.09471541
TXN_2E00EF74C64E,CUST_D84648F1,2023-11-18 11:15:00,379711.4,Mobile,ATM_Withdrawal,Fidelity,Lagos,20-29,11,5,11,True,True,1,285192.27,106224.7325,105104.7685,109,132587.2533,216204.7716,6,1,2.150961815,0.724770642,1,SOCIAL_ENGINEERING,0.258819045,-0.965925826,-0.974927912,-0.222520934,-0.5,0.866025404,12.8471694,0,2.150961815,0.132291375,0.108518191
TXN_F78E8F897D2B,CUST_1CBDA17B,2023-12-17 21:36:00,194720.08,Web,Transfer,Sterling,Rivers,30-39,21,6,12,True,False,2,289179.33,144589.665,50130.415,102,131449.7591,224634.2823,6,1,1.481315751,0.754901961,0,,-0.707106781,0.707106781,-0.781831482,0.623489802,-2.45e-16,1.0,12.17932345,0,4.399812248,0.294540894,0.141601365
TXN_79158D13A207,CUST_8EF5C3EC,2023-12-01 02:28:00,231641.48,Mobile,Electronics,Union,Lagos,40+,2,4,12,False,False,2,215820.6,113863.288,81862.84533,90,178903.1556,245798.8329,6,1,0.648080195,0.577777778,1,CARD_THEFT,0.5,0.866025404,-0.433883739,-0.900968868,-2.45e-16,1.0,12.35295043,0,2.412695215,0.369588322,0.135144293
TXN_67D0C66503FC,CUST_852972F5,2023-12-21 11:04:00,178063.21,ECOM,Fashion,Sterling,Lagos,20-29,11,3,12,False,True,1,178063.21,153599.15,24464.06,101,162294.6028,251172.8016,6,1,1.097153632,0.772277228,0,,0.258819045,-0.965925826,0.433883739,-0.900968868,-2.45e-16,1.0,12.08989949,0,1.097153632,0.542436434,0.197839847
TXN_3751E2A10C28,CUST_E329F7FE,2023-11-18 20:43:00,50557.35,Mobile,Bill_Payment,GTBank,Lagos,30-39,20,5,11,True,False,1,20951.39,20147.54,803.85,95,171393.8351,339127.6613,6,1,0.122240498,0.736842105,1,OTHER,-0.866025404,0.5,-0.974927912,-0.222520934,-0.5,0.866025404,10.83088339,0,0.122240498,0.829641092,0.252804024
TXN_F90120BC7F2E,CUST_3A928BD7,2023-12-02 15:14:00,129959.72,POS,ATM_Withdrawal,Union,Other,20-29,15,5,12,True,True,1,129959.72,129959.72,0.0,115,151394.3903,244538.1314,6,1,0.858412662,0.652173913,0,,-0.707106781,-0.707106781,-0.974927912,-0.222520934,-2.45e-16,1.0,11.77498753,0,0.858412662,0.132291375,0.067156618
TXN_DC380B932D67,CUST_ACC9CA69,2023-11-08 19:52:00,2731.25,Mobile,Airtime,Access,Ogun,30-39,19,2,11,False,False,1,2731.25,44340.035,41608.785,87,125152.9567,243936.3581,6,1,0.021823121,0.689655172,0,,-0.965925826,0.258819045,0.974927912,-0.222520934,-0.5,0.866025404,7.912880725,0,0.021823121,0.490394602,0.147816721
TXN_210953A731C9,CUST_CBEBA152,2023-11-30 13:09:00,421681.23,Web,Transfer,Sterling,Lagos,30-39,13,3,11,False,False,1,421681.23,177283.47,175776.0137,105,145959.1697,191411.4732,6,1,2.889015756,0.733333333,0,,-0.258819045,-0.965925826,0.433883739,-0.900968868,-0.5,0.866025404,12.9520073,0,2.889015756,0.294540894,0.180810772
TXN_94F28537DD7F,CUST_C5FDAF5C,2023-12-07 08:11:00,123593.14,Mobile,Airtime,FCMB,Ogun,40+,8,3,12,False,False,1,248127.09,169988.87,97833.95325,93,183083.3063,280864.8594,6,1,1.355261382,0.64516129,1,ROBBERY,0.866025404,-0.5,0.433883739,-0.900968868,-2.45e-16,1.0,11.72475841,0,1.355261382,0.490394602,0.190486745
TXN_FA2824CA2577,CUST_EB2684C9,2023-12-20 11:48:00,58833.26,Web,Medical,Access,Other,20-29,11,2,12,False,True,1,31110.65,41932.055,10821.405,99,167923.5004,301983.5144,6,1,0.185265699,0.656565657,1,SOCIAL_ENGINEERING,0.258819045,-0.965925826,0.974927912,-0.222520934,-2.45e-16,1.0,10.98247962,0,0.185265699,0.121274285,0.042310788
TXN_A2E4F748CF1A,CUST_60FCB8BF,2023-11-08 16:42:00,338698.91,POS,Fashion,Fidelity,Other,40+,16,2,11,False,True,1,205744.05,108467.06,97276.99,129,169725.5657,322668.8015,6,1,1.212208879,0.651162791,1,SOCIAL_ENGINEERING,-0.866025404,-0.5,0.974927912,-0.222520934,-0.5,0.866025404,12.73286977,0,1.212208879,0.542436434,0.201521614
TXN_BBD61EF6FE7F,CUST_4C6286A7,2023-11-17 15:15:00,756871.94,IB,Fashion,Fidelity,Lagos,40+,15,4,11,False,True,1,650330.31,559061.8425,442832.7626,108,203110.5796,342662.9781,6,1,3.201837685,0.694444444,1,CARD_THEFT,-0.707106781,-0.707106781,-0.433883739,-0.900968868,-0.5,0.866025404,13.53695067,0,3.201837685,0.542436434,0.265189736
TXN_1DAE8605536D,CUST_C1A69CD1,2023-11-15 11:18:00,517794.13,Mobile,Fashion,Zenith,Other,40+,11,2,11,False,True,2,540737.69,196693.75,208055.0041,83,139986.3024,157243.5118,6,1,3.698864976,0.698795181,0,,0.258819045,-0.965925826,0.974927912,-0.222520934,-0.5,0.866025404,13.15733494,0,7.725524825,0.542436434,0.289147929
TXN_B2F10047C986,CUST_46B4DCA6,2023-12-03 08:53:00,822146.75,Mobile,Transport,Union,Lagos,40+,8,6,12,True,False,2,200038.79,263856.608,323207.055,104,187608.0297,303741.1332,6,1,0.536262674,0.644230769,1,SOCIAL_ENGINEERING,0.866025404,-0.5,-0.781831482,0.623489802,-2.45e-16,1.0,13.6196754,0,2.132507058,0.440230432,0.152422024
TXN_38D192CF4005,CUST_B0495FB4,2023-11-14 09:39:00,52610.24,IB,Airtime,Zenith,Lagos,30-39,9,1,11,False,False,1,52610.24,52610.24,0.0,108,142845.99,169794.0858,6,1,0.368297855,0.703703704,0,,0.707106781,-0.707106781,0.781831482,0.623489802,-0.5,0.866025404,10.87068506,0,0.368297855,0.490394602,0.158903912
TXN_32BE2477153C,CUST_2CC55487,2023-11-09 12:43:00,27021.0,Web,Transfer,UBA,Abuja,40+,12,3,11,False,False,1,27021.0,149283.37,92535.35617,90,150912.0028,192667.8839,5,1,0.179050178,0.688888889,0,,1.22e-16,-1.0,0.433883739,-0.900968868,-0.5,0.866025404,10.20440663,0,0.179050178,0.294540894,0.094091874
TXN_CE80F3710DE9,CUST_A1297B21,2023-12-14 14:27:00,85527.44,Mobile,Fuel,Union,Lagos,20-29,14,3,12,False,True,1,35892.55,69017.59857,66780.0684,118,184106.3602,348415.8255,6,1,0.194954455,0.694915254,1,SOCIAL_ENGINEERING,-0.5,-0.866025404,0.433883739,-0.900968868,-2.45e-16,1.0,11.35660423,0,0.194954455,0.202718491,0.06705409
TXN_0858093D4F2A,CUST_8D0E8DA9,2023-12-10 08:51:00,38814.26,IB,Transport,FCMB,Lagos,20-29,8,6,12,True,False,2,320256.77,160128.385,121314.125,101,107814.3231,135489.5975,6,1,0.360006898,0.732673267,0,,0.866025404,-0.5,-0.781831482,0.623489802,-2.45e-16,1.0,10.56656875,0,5.940839593,0.440230432,0.154751016
TXN_8C2A2940B179,CUST_5EDE96C2,2023-12-07 11:36:00,109544.05,Mobile,Medical,FirstBank,Lagos,40+,11,3,12,False,True,1,184523.37,201795.1867,34194.35363,92,128089.3851,164913.4289,6,1,1.440571592,0.641304348,1,SOCIAL_ENGINEERING,0.258819045,-0.965925826,0.433883739,-0.900968868,-2.45e-16,1.0,11.60409116,0,1.440571592,0.121274285,0.082480576
TXN_CC228C6E9DFB,CUST_1009C4C2,2023-12-07 17:40:00,16944.94,Mobile,Bill_Payment,Access,Abuja,40+,17,3,12,False,False,2,328258.85,126133.95,56104.51888,109,162149.841,245967.0384,6,1,1.134087303,0.660550459,1,ROBBERY,-0.965925826,-0.258819045,0.433883739,-0.900968868,-2.45e-16,1.0,9.737783556,0,4.048808479,0.829641092,0.291012564
TXN_A1F7E553D0B0,CUST_374A7BC6,2023-11-19 11:54:00,61746.51,Mobile,Grocery,FirstBank,Lagos,30-39,11,6,11,True,True,1,16323.32,16323.32,0.0,102,103700.2247,163095.2678,6,1,0.157407206,0.656862745,1,ROBBERY,0.258819045,-0.965925826,-0.781831482,0.623489802,-0.5,0.866025404,11.03080893,0,0.157407206,0.214999865,0.06953699
TXN_3F389AA434D4,CUST_50158A3F,2023-11-26 15:08:00,96426.65,Mobile,Fuel,Union,Other,20-29,15,6,11,True,True,1,56157.69,46132.62,27650.24267,92,125883.115,183496.6786,6,1,0.446106246,0.695652174,1,SOCIAL_ENGINEERING,-0.707106781,-0.707106781,-0.781831482,0.623489802,-0.5,0.866025404,11.47654827,0,0.446106246,0.202718491,0.075090947
TXN_E1A6972061DC,CUST_D32616DF,2023-12-07 19:34:00,286299.64,Mobile,Medical,Union,Lagos,30-39,19,3,12,False,False,1,214040.98,123203.64,90837.34,104,195726.3963,368063.6621,6,1,1.093566788,0.605769231,1,SOCIAL_ENGINEERING,-0.965925826,0.258819045,0.433883739,-0.900968868,-2.45e-16,1.0,12.56479773,0,1.093566788,0.121274285,0.071376423
TXN_1B288C5F76C9,CUST_FF6FD8C6,2023-12-24 13:34:00,1402272.5,Web,Transfer,GTBank,Other,40+,13,6,12,True,False,1,1402272.5,788838.11,613434.39,89,203177.0719,285920.9395,6,1,6.901692131,0.752808989,0,,-0.258819045,-0.965925826,-0.781831482,0.623489802,-2.45e-16,1.0,14.15360541,0,6.901692131,0.294540894,0.309216416
TXN_8067A31F8BBF,CUST_4D6DFF25,2023-11-03 12:04:00,135209.9,Web,Transfer,GTBank,Other,20-29,12,4,11,False,False,1,46051.05,46051.05,0.0,97,123296.0282,154990.8696,6,1,0.373496836,0.762886598,1,SOCIAL_ENGINEERING,1.22e-16,-1.0,-0.433883739,-0.900968868,-0.5,0.866025404,11.81459106,0,0.373496836,0.294540894,0.100314167
